Number,Combination_1,Combination_2,Combination_3,Combination_4,Combination_5,Combination_6,Combination_7,Combination_8,Combination_9,Combination_10,Combination_11,Combination_12,Combination_13,Combination_14,Combination_15,Combination_16,Combination_17,Combination_18,Combination_19,Combination_20,Combination_21,Combination_22,Combination_23,Combination_24,Combination_25,Combination_26,Combination_27,Combination_28,Combination_29,Combination_30,Combination_31,Combination_32,Combination_33,Combination_34,Combination_35,Combination_36,Combination_37,Combination_38,Combination_39,Combination_40,Combination_41,Combination_42,Combination_43,Combination_44,Combination_45,Combination_46,Combination_47,Combination_48,Combination_49,Combination_50,Combination_51,Combination_52,Combination_53,Combination_54,Combination_55,Combination_56,Combination_57,Combination_58,Combination_59,Combination_60,Combination_61,Combination_62,Combination_63,Combination_64,Combination_65,Combination_66,Combination_67,Combination_68,Combination_69,Combination_70,Combination_71,Combination_72,Combination_73,Combination_74,Combination_75,Combination_76,Combination_77,Combination_78,Combination_79,Combination_80,Combination_81,Combination_82,Combination_83,Combination_84,Combination_85,Combination_86,Combination_87,Combination_88,Combination_89,Combination_90,Combination_91,Combination_92,Combination_93,Combination_94,Combination_95,Combination_96,Combination_97,Combination_98,Combination_99,Combination_100,Combination_101,Combination_102,Combination_103,Combination_104,Combination_105,Combination_106,Combination_107,Combination_108,Combination_109,Combination_110,Combination_111,Combination_112,Combination_113,Combination_114,Combination_115,Combination_116,Combination_117,Combination_118,Combination_119,Combination_120,Combination_121,Combination_122,Combination_123,Combination_124,Combination_125,Combination_126,Combination_127,Combination_128,Combination_129,Combination_130,Combination_131,Combination_132,Combination_133,Combination_134,Combination_135,Combination_136,Combination_137,Combination_138,Combination_139,Combination_140,Combination_141,Combination_142,Combination_143,Combination_144,Combination_145,Combination_146,Combination_147,Combination_148,Combination_149,Combination_150,Combination_151,Combination_152,Combination_153,Combination_154,Combination_155,Combination_156,Combination_157,Combination_158,Combination_159,Combination_160,Combination_161,Combination_162,Combination_163,Combination_164,Combination_165,Combination_166,Combination_167,Combination_168,Combination_169,Combination_170,Combination_171,Combination_172,Combination_173,Combination_174,Combination_175,Combination_176,Combination_177,Combination_178,Combination_179,Combination_180,Combination_181,Combination_182,Combination_183,Combination_184,Combination_185,Combination_186,Combination_187,Combination_188,Combination_189,Combination_190,Combination_191,Combination_192,Combination_193,Combination_194,Combination_195,Combination_196,Combination_197,Combination_198,Combination_199,Combination_200,Combination_201,Combination_202,Combination_203,Combination_204,Combination_205,Combination_206,Combination_207,Combination_208,Combination_209,Combination_210,Combination_211,Combination_212,Combination_213,Combination_214,Combination_215,Combination_216,Combination_217,Combination_218,Combination_219,Combination_220,Combination_221,Combination_222,Combination_223,Combination_224,Combination_225,Combination_226,Combination_227,Combination_228,Combination_229,Combination_230,Combination_231,Combination_232,Combination_233,Combination_234,Combination_235,Combination_236,Combination_237,Combination_238,Combination_239,Combination_240,Combination_241,Combination_242,Combination_243,Combination_244,Combination_245,Combination_246,Combination_247,Combination_248,Combination_249,Combination_250,Combination_251,Combination_252,Combination_253,Combination_254,Combination_255,Combination_256,Combination_257,Combination_258,Combination_259,Combination_260,Combination_261,Combination_262,Combination_263,Combination_264,Combination_265,Combination_266,Combination_267,Combination_268,Combination_269,Combination_270,Combination_271,Combination_272,Combination_273,Combination_274,Combination_275,Combination_276,Combination_277,Combination_278,Combination_279,Combination_280,Combination_281,Combination_282,Combination_283,Combination_284,Combination_285,Combination_286,Combination_287,Combination_288,Combination_289,Combination_290,Combination_291,Combination_292,Combination_293,Combination_294,Combination_295,Combination_296,Combination_297,Combination_298,Combination_299,Combination_300,Combination_301,Combination_302,Combination_303,Combination_304,Combination_305,Combination_306,Combination_307,Combination_308,Combination_309,Combination_310,Combination_311,Combination_312,Combination_313,Combination_314,Combination_315,Combination_316,Combination_317,Combination_318,Combination_319,Combination_320,Combination_321,Combination_322,Combination_323,Combination_324,Combination_325,Combination_326,Combination_327,Combination_328,Combination_329,Combination_330,Combination_331,Combination_332,Combination_333,Combination_334,Combination_335,Combination_336,Combination_337,Combination_338,Combination_339,Combination_340,Combination_341,Combination_342,Combination_343,Combination_344,Combination_345,Combination_346,Combination_347,Combination_348,Combination_349,Combination_350,Combination_351,Combination_352,Combination_353,Combination_354,Combination_355,Combination_356,Combination_357,Combination_358,Combination_359,Combination_360,Combination_361,Combination_362,Combination_363,Combination_364,Combination_365,Combination_366,Combination_367,Combination_368,Combination_369,Combination_370,Combination_371,Combination_372,Combination_373,Combination_374,Combination_375,Combination_376,Combination_377,Combination_378,Combination_379,Combination_380,Combination_381,Combination_382,Combination_383,Combination_384,Combination_385,Combination_386,Combination_387,Combination_388,Combination_389,Combination_390,Combination_391,Combination_392,Combination_393,Combination_394,Combination_395,Combination_396,Combination_397,Combination_398,Combination_399,Combination_400,Combination_401,Combination_402,Combination_403,Combination_404,Combination_405,Combination_406,Combination_407,Combination_408,Combination_409,Combination_410,Combination_411,Combination_412,Combination_413,Combination_414,Combination_415,Combination_416,Combination_417,Combination_418,Combination_419,Combination_420,Combination_421,Combination_422,Combination_423,Combination_424,Combination_425,Combination_426,Combination_427,Combination_428,Combination_429,Combination_430,Combination_431,Combination_432,Combination_433,Combination_434,Combination_435,Combination_436,Combination_437,Combination_438,Combination_439,Combination_440,Combination_441,Combination_442,Combination_443,Combination_444,Combination_445,Combination_446,Combination_447,Combination_448,Combination_449,Combination_450,Combination_451,Combination_452,Combination_453,Combination_454,Combination_455,Combination_456,Combination_457,Combination_458,Combination_459,Combination_460,Combination_461,Combination_462,Combination_463,Combination_464,Combination_465,Combination_466,Combination_467,Combination_468,Combination_469,Combination_470,Combination_471,Combination_472,Combination_473,Combination_474,Combination_475,Combination_476,Combination_477,Combination_478,Combination_479,Combination_480,Combination_481,Combination_482,Combination_483,Combination_484,Combination_485,Combination_486,Combination_487,Combination_488,Combination_489,Combination_490,Combination_491,Combination_492,Combination_493,Combination_494,Combination_495,Combination_496,Combination_497,Combination_498,Combination_499,Combination_500,Combination_501,Combination_502,Combination_503,Combination_504,Combination_505,Combination_506,Combination_507,Combination_508,Combination_509,Combination_510,Combination_511,Combination_512,Combination_513,Combination_514,Combination_515,Combination_516,Combination_517,Combination_518,Combination_519,Combination_520,Combination_521,Combination_522,Combination_523,Combination_524,Combination_525,Combination_526,Combination_527,Combination_528,Combination_529,Combination_530,Combination_531,Combination_532,Combination_533,Combination_534,Combination_535,Combination_536,Combination_537,Combination_538,Combination_539,Combination_540,Combination_541,Combination_542,Combination_543,Combination_544,Combination_545,Combination_546,Combination_547,Combination_548,Combination_549,Combination_550,Combination_551,Combination_552,Combination_553,Combination_554,Combination_555,Combination_556,Combination_557,Combination_558,Combination_559,Combination_560,Combination_561,Combination_562,Combination_563,Combination_564,Combination_565,Combination_566,Combination_567,Combination_568,Combination_569,Combination_570,Combination_571,Combination_572,Combination_573,Combination_574,Combination_575,Combination_576,Combination_577,Combination_578,Combination_579,Combination_580,Combination_581,Combination_582,Combination_583,Combination_584,Combination_585,Combination_586,Combination_587,Combination_588,Combination_589,Combination_590,Combination_591,Combination_592,Combination_593,Combination_594,Combination_595,Combination_596,Combination_597,Combination_598,Combination_599,Combination_600,Combination_601,Combination_602,Combination_603,Combination_604,Combination_605,Combination_606,Combination_607,Combination_608,Combination_609,Combination_610,Combination_611,Combination_612,Combination_613,Combination_614,Combination_615,Combination_616,Combination_617,Combination_618,Combination_619,Combination_620,Combination_621,Combination_622,Combination_623,Combination_624,Combination_625,Combination_626,Combination_627,Combination_628,Combination_629,Combination_630,Combination_631,Combination_632,Combination_633,Combination_634,Combination_635,Combination_636,Combination_637,Combination_638,Combination_639,Combination_640,Combination_641,Combination_642,Combination_643,Combination_644,Combination_645,Combination_646,Combination_647,Combination_648,Combination_649,Combination_650,Combination_651,Combination_652,Combination_653,Combination_654,Combination_655,Combination_656,Combination_657,Combination_658,Combination_659,Combination_660,Combination_661,Combination_662,Combination_663,Combination_664,Combination_665,Combination_666,Combination_667,Combination_668,Combination_669,Combination_670,Combination_671,Combination_672,Combination_673,Combination_674,Combination_675,Combination_676,Combination_677,Combination_678,Combination_679,Combination_680,Combination_681,Combination_682,Combination_683,Combination_684,Combination_685,Combination_686,Combination_687,Combination_688,Combination_689,Combination_690,Combination_691,Combination_692,Combination_693,Combination_694,Combination_695,Combination_696,Combination_697,Combination_698,Combination_699,Combination_700,Combination_701,Combination_702,Combination_703,Combination_704,Combination_705,Combination_706,Combination_707,Combination_708,Combination_709,Combination_710,Combination_711,Combination_712,Combination_713,Combination_714,Combination_715,Combination_716,Combination_717,Combination_718,Combination_719,Combination_720,Combination_721,Combination_722,Combination_723,Combination_724,Combination_725,Combination_726,Combination_727,Combination_728,Combination_729,Combination_730,Combination_731,Combination_732,Combination_733,Combination_734,Combination_735,Combination_736,Combination_737,Combination_738,Combination_739,Combination_740,Combination_741,Combination_742,Combination_743,Combination_744,Combination_745,Combination_746,Combination_747,Combination_748,Combination_749,Combination_750,Combination_751,Combination_752,Combination_753,Combination_754,Combination_755,Combination_756,Combination_757,Combination_758,Combination_759,Combination_760,Combination_761,Combination_762,Combination_763,Combination_764,Combination_765,Combination_766,Combination_767,Combination_768,Combination_769,Combination_770,Combination_771,Combination_772,Combination_773,Combination_774,Combination_775,Combination_776,Combination_777,Combination_778,Combination_779,Combination_780,Combination_781,Combination_782,Combination_783,Combination_784,Combination_785,Combination_786,Combination_787,Combination_788,Combination_789,Combination_790,Combination_791,Combination_792,Combination_793,Combination_794,Combination_795,Combination_796,Combination_797,Combination_798,Combination_799,Combination_800,Combination_801,Combination_802,Combination_803,Combination_804,Combination_805,Combination_806,Combination_807,Combination_808,Combination_809,Combination_810,Combination_811,Combination_812,Combination_813,Combination_814,Combination_815,Combination_816,Combination_817,Combination_818,Combination_819,Combination_820,Combination_821,Combination_822,Combination_823,Combination_824,Combination_825,Combination_826,Combination_827,Combination_828,Combination_829,Combination_830,Combination_831,Combination_832,Combination_833,Combination_834,Combination_835,Combination_836,Combination_837,Combination_838,Combination_839,Combination_840,Combination_841,Combination_842,Combination_843,Combination_844,Combination_845,Combination_846,Combination_847,Combination_848,Combination_849,Combination_850,Combination_851,Combination_852,Combination_853,Combination_854,Combination_855,Combination_856,Combination_857,Combination_858,Combination_859,Combination_860,Combination_861,Combination_862,Combination_863,Combination_864,Combination_865,Combination_866,Combination_867,Combination_868,Combination_869,Combination_870,Combination_871,Combination_872,Combination_873,Combination_874,Combination_875,Combination_876,Combination_877,Combination_878,Combination_879,Combination_880,Combination_881,Combination_882,Combination_883,Combination_884,Combination_885,Combination_886,Combination_887,Combination_888,Combination_889,Combination_890,Combination_891,Combination_892,Combination_893,Combination_894,Combination_895,Combination_896,Combination_897,Combination_898,Combination_899,Combination_900,Combination_901,Combination_902,Combination_903,Combination_904,Combination_905,Combination_906,Combination_907,Combination_908,Combination_909,Combination_910,Combination_911,Combination_912,Combination_913,Combination_914,Combination_915,Combination_916,Combination_917,Combination_918,Combination_919,Combination_920,Combination_921,Combination_922,Combination_923,Combination_924,Combination_925,Combination_926,Combination_927,Combination_928,Combination_929,Combination_930,Combination_931,Combination_932,Combination_933,Combination_934,Combination_935,Combination_936,Combination_937,Combination_938,Combination_939,Combination_940,Combination_941,Combination_942,Combination_943,Combination_944,Combination_945,Combination_946,Combination_947,Combination_948,Combination_949,Combination_950,Combination_951,Combination_952,Combination_953,Combination_954,Combination_955,Combination_956,Combination_957,Combination_958,Combination_959,Combination_960,Combination_961,Combination_962,Combination_963,Combination_964,Combination_965,Combination_966,Combination_967,Combination_968,Combination_969,Combination_970,Combination_971,Combination_972,Combination_973,Combination_974,Combination_975,Combination_976,Combination_977,Combination_978,Combination_979,Combination_980,Combination_981,Combination_982,Combination_983,Combination_984,Combination_985,Combination_986,Combination_987,Combination_988,Combination_989,Combination_990,Combination_991,Combination_992,Combination_993,Combination_994,Combination_995,Combination_996,Combination_997,Combination_998,Combination_999,Combination_1000,Combination_1001,Combination_1002,Combination_1003,Combination_1004,Combination_1005,Combination_1006,Combination_1007,Combination_1008,Combination_1009,Combination_1010,Combination_1011,Combination_1012,Combination_1013,Combination_1014,Combination_1015,Combination_1016,Combination_1017,Combination_1018,Combination_1019,Combination_1020,Combination_1021,Combination_1022,Combination_1023,Combination_1024
000,ססס
001,ססי,ססמ
002,ססב,ססו
003,ססג,ססצ
004,ססד,ססק
005,ססא,ססע,ססה,ססנ
006,ססל,סספ
007,ססז,ססר
008,ססש,ססח
009,ססת,ססט
010,סיס,סמס
011,סיי,סימ,סמי,סממ
012,סיב,סיו,סמב,סמו
013,סיג,סיצ,סמג,סמצ
014,סיד,סיק,סמד,סמק
015,סיא,סיע,סיה,סינ,סמא,סמע,סמה,סמנ
016,סיל,סיפ,סמל,סמפ
017,סיז,סיר,סמז,סמר
018,סיש,סיח,סמש,סמח
019,סית,סיט,סמת,סמט
020,סבס,סוס
021,סבי,סבמ,סוי,סומ
022,סבב,סבו,סוב,סוו
023,סבג,סבצ,סוג,סוצ
024,סבד,סבק,סוד,סוק
025,סבא,סבע,סבה,סבנ,סוא,סוע,סוה,סונ
026,סבל,סבפ,סול,סופ
027,סבז,סבר,סוז,סור
028,סבש,סבח,סוש,סוח
029,סבת,סבט,סות,סוט
030,סגס,סצס
031,סגי,סגמ,סצי,סצמ
032,סגב,סגו,סצב,סצו
033,סגג,סגצ,סצג,סצצ
034,סגד,סגק,סצד,סצק
035,סגא,סגע,סגה,סגנ,סצא,סצע,סצה,סצנ
036,סגל,סגפ,סצל,סצפ
037,סגז,סגר,סצז,סצר
038,סגש,סגח,סצש,סצח
039,סגת,סגט,סצת,סצט
040,סדס,סקס
041,סדי,סדמ,סקי,סקמ
042,סדב,סדו,סקב,סקו
043,סדג,סדצ,סקג,סקצ
044,סדד,סדק,סקד,סקק
045,סדא,סדע,סדה,סדנ,סקא,סקע,סקה,סקנ
046,סדל,סדפ,סקל,סקפ
047,סדז,סדר,סקז,סקר
048,סדש,סדח,סקש,סקח
049,סדת,סדט,סקת,סקט
050,סאס,סעס,סהס,סנס
051,סאי,סאמ,סעי,סעמ,סהי,סהמ,סני,סנמ
052,סאב,סאו,סעב,סעו,סהב,סהו,סנב,סנו
053,סאג,סאצ,סעג,סעצ,סהג,סהצ,סנג,סנצ
054,סאד,סאק,סעד,סעק,סהד,סהק,סנד,סנק
055,סאא,סאע,סאה,סאנ,סעא,סעע,סעה,סענ,סהא,סהע,סהה,סהנ,סנא,סנע,סנה,סננ
056,סאל,סאפ,סעל,סעפ,סהל,סהפ,סנל,סנפ
057,סאז,סאר,סעז,סער,סהז,סהר,סנז,סנר
058,סאש,סאח,סעש,סעח,סהש,סהח,סנש,סנח
059,סאת,סאט,סעת,סעט,סהת,סהט,סנת,סנט
060,סלס,ספס
061,סלי,סלמ,ספי,ספמ
062,סלב,סלו,ספב,ספו
063,סלג,סלצ,ספג,ספצ
064,סלד,סלק,ספד,ספק
065,סלא,סלע,סלה,סלנ,ספא,ספע,ספה,ספנ
066,סלל,סלפ,ספל,ספפ
067,סלז,סלר,ספז,ספר
068,סלש,סלח,ספש,ספח
069,סלת,סלט,ספת,ספט
070,סזס,סרס
071,סזי,סזמ,סרי,סרמ
072,סזב,סזו,סרב,סרו
073,סזג,סזצ,סרג,סרצ
074,סזד,סזק,סרד,סרק
075,סזא,סזע,סזה,סזנ,סרא,סרע,סרה,סרנ
076,סזל,סזפ,סרל,סרפ
077,סזז,סזר,סרז,סרר
078,סזש,סזח,סרש,סרח
079,סזת,סזט,סרת,סרט
080,סשס,סחס
081,סשי,סשמ,סחי,סחמ
082,סשב,סשו,סחב,סחו
083,סשג,סשצ,סחג,סחצ
084,סשד,סשק,סחד,סחק
085,סשא,סשע,סשה,סשנ,סחא,סחע,סחה,סחנ
086,סשל,סשפ,סחל,סחפ
087,סשז,סשר,סחז,סחר
088,סשש,סשח,סחש,סחח
089,סשת,סשט,סחת,סחט
090,סתס,סטס
091,סתי,סתמ,סטי,סטמ
092,סתב,סתו,סטב,סטו
093,סתג,סתצ,סטג,סטצ
094,סתד,סתק,סטד,סטק
095,סתא,סתע,סתה,סתנ,סטא,סטע,סטה,סטנ
096,סתל,סתפ,סטל,סטפ
097,סתז,סתר,סטז,סטר
098,סתש,סתח,סטש,סטח
099,סתת,סתט,סטת,סטט
100,יסס,מסס
101,יסי,יסמ,מסי,מסמ
102,יסב,יסו,מסב,מסו
103,יסג,יסצ,מסג,מסצ
104,יסד,יסק,מסד,מסק
105,יסא,יסע,יסה,יסנ,מסא,מסע,מסה,מסנ
106,יסל,יספ,מסל,מספ
107,יסז,יסר,מסז,מסר
108,יסש,יסח,מסש,מסח
109,יסת,יסט,מסת,מסט
110,ייס,ימס,מיס,ממס
111,ייי,יימ,ימי,יממ,מיי,מימ,ממי,מממ
112,ייב,ייו,ימב,ימו,מיב,מיו,ממב,ממו
113,ייג,ייצ,ימג,ימצ,מיג,מיצ,ממג,ממצ
114,ייד,ייק,ימד,ימק,מיד,מיק,ממד,ממק
115,ייא,ייע,ייה,יינ,ימא,ימע,ימה,ימנ,מיא,מיע,מיה,מינ,ממא,ממע,ממה,ממנ
116,ייל,ייפ,ימל,ימפ,מיל,מיפ,ממל,ממפ
117,ייז,ייר,ימז,ימר,מיז,מיר,ממז,ממר
118,ייש,ייח,ימש,ימח,מיש,מיח,ממש,ממח
119,יית,ייט,ימת,ימט,מית,מיט,ממת,ממט
120,יבס,יוס,מבס,מוס
121,יבי,יבמ,יוי,יומ,מבי,מבמ,מוי,מומ
122,יבב,יבו,יוב,יוו,מבב,מבו,מוב,מוו
123,יבג,יבצ,יוג,יוצ,מבג,מבצ,מוג,מוצ
124,יבד,יבק,יוד,יוק,מבד,מבק,מוד,מוק
125,יבא,יבע,יבה,יבנ,יוא,יוע,יוה,יונ,מבא,מבע,מבה,מבנ,מוא,מוע,מוה,מונ
126,יבל,יבפ,יול,יופ,מבל,מבפ,מול,מופ
127,יבז,יבר,יוז,יור,מבז,מבר,מוז,מור
128,יבש,יבח,יוש,יוח,מבש,מבח,מוש,מוח
129,יבת,יבט,יות,יוט,מבת,מבט,מות,מוט
130,יגס,יצס,מגס,מצס
131,יגי,יגמ,יצי,יצמ,מגי,מגמ,מצי,מצמ
132,יגב,יגו,יצב,יצו,מגב,מגו,מצב,מצו
133,יגג,יגצ,יצג,יצצ,מגג,מגצ,מצג,מצצ
134,יגד,יגק,יצד,יצק,מגד,מגק,מצד,מצק
135,יגא,יגע,יגה,יגנ,יצא,יצע,יצה,יצנ,מגא,מגע,מגה,מגנ,מצא,מצע,מצה,מצנ
136,יגל,יגפ,יצל,יצפ,מגל,מגפ,מצל,מצפ
137,יגז,יגר,יצז,יצר,מגז,מגר,מצז,מצר
138,יגש,יגח,יצש,יצח,מגש,מגח,מצש,מצח
139,יגת,יגט,יצת,יצט,מגת,מגט,מצת,מצט
140,ידס,יקס,מדס,מקס
141,ידי,ידמ,יקי,יקמ,מדי,מדמ,מקי,מקמ
142,ידב,ידו,יקב,יקו,מדב,מדו,מקב,מקו
143,ידג,ידצ,יקג,יקצ,מדג,מדצ,מקג,מקצ
144,ידד,ידק,יקד,יקק,מדד,מדק,מקד,מקק
145,ידא,ידע,ידה,ידנ,יקא,יקע,יקה,יקנ,מדא,מדע,מדה,מדנ,מקא,מקע,מקה,מקנ
146,ידל,ידפ,יקל,יקפ,מדל,מדפ,מקל,מקפ
147,ידז,ידר,יקז,יקר,מדז,מדר,מקז,מקר
148,ידש,ידח,יקש,יקח,מדש,מדח,מקש,מקח
149,ידת,ידט,יקת,יקט,מדת,מדט,מקת,מקט
150,יאס,יעס,יהס,ינס,מאס,מעס,מהס,מנס
151,יאי,יאמ,יעי,יעמ,יהי,יהמ,יני,ינמ,מאי,מאמ,מעי,מעמ,מהי,מהמ,מני,מנמ
152,יאב,יאו,יעב,יעו,יהב,יהו,ינב,ינו,מאב,מאו,מעב,מעו,מהב,מהו,מנב,מנו
153,יאג,יאצ,יעג,יעצ,יהג,יהצ,ינג,ינצ,מאג,מאצ,מעג,מעצ,מהג,מהצ,מנג,מנצ
154,יאד,יאק,יעד,יעק,יהד,יהק,ינד,ינק,מאד,מאק,מעד,מעק,מהד,מהק,מנד,מנק
155,יאא,יאע,יאה,יאנ,יעא,יעע,יעה,יענ,יהא,יהע,יהה,יהנ,ינא,ינע,ינה,יננ,מאא,מאע,מאה,מאנ,מעא,מעע,מעה,מענ,מהא,מהע,מהה,מהנ,מנא,מנע,מנה,מננ
156,יאל,יאפ,יעל,יעפ,יהל,יהפ,ינל,ינפ,מאל,מאפ,מעל,מעפ,מהל,מהפ,מנל,מנפ
157,יאז,יאר,יעז,יער,יהז,יהר,ינז,ינר,מאז,מאר,מעז,מער,מהז,מהר,מנז,מנר
158,יאש,יאח,יעש,יעח,יהש,יהח,ינש,ינח,מאש,מאח,מעש,מעח,מהש,מהח,מנש,מנח
159,יאת,יאט,יעת,יעט,יהת,יהט,ינת,ינט,מאת,מאט,מעת,מעט,מהת,מהט,מנת,מנט
160,ילס,יפס,מלס,מפס
161,ילי,ילמ,יפי,יפמ,מלי,מלמ,מפי,מפמ
162,ילב,ילו,יפב,יפו,מלב,מלו,מפב,מפו
163,ילג,ילצ,יפג,יפצ,מלג,מלצ,מפג,מפצ
164,ילד,ילק,יפד,יפק,מלד,מלק,מפד,מפק
165,ילא,ילע,ילה,ילנ,יפא,יפע,יפה,יפנ,מלא,מלע,מלה,מלנ,מפא,מפע,מפה,מפנ
166,ילל,ילפ,יפל,יפפ,מלל,מלפ,מפל,מפפ
167,ילז,ילר,יפז,יפר,מלז,מלר,מפז,מפר
168,ילש,ילח,יפש,יפח,מלש,מלח,מפש,מפח
169,ילת,ילט,יפת,יפט,מלת,מלט,מפת,מפט
170,יזס,ירס,מזס,מרס
171,יזי,יזמ,ירי,ירמ,מזי,מזמ,מרי,מרמ
172,יזב,יזו,ירב,ירו,מזב,מזו,מרב,מרו
173,יזג,יזצ,ירג,ירצ,מזג,מזצ,מרג,מרצ
174,יזד,יזק,ירד,ירק,מזד,מזק,מרד,מרק
175,יזא,יזע,יזה,יזנ,ירא,ירע,ירה,ירנ,מזא,מזע,מזה,מזנ,מרא,מרע,מרה,מרנ
176,יזל,יזפ,ירל,ירפ,מזל,מזפ,מרל,מרפ
177,יזז,יזר,ירז,ירר,מזז,מזר,מרז,מרר
178,יזש,יזח,ירש,ירח,מזש,מזח,מרש,מרח
179,יזת,יזט,ירת,ירט,מזת,מזט,מרת,מרט
180,ישס,יחס,משס,מחס
181,ישי,ישמ,יחי,יחמ,משי,משמ,מחי,מחמ
182,ישב,ישו,יחב,יחו,משב,משו,מחב,מחו
183,ישג,ישצ,יחג,יחצ,משג,משצ,מחג,מחצ
184,ישד,ישק,יחד,יחק,משד,משק,מחד,מחק
185,ישא,ישע,ישה,ישנ,יחא,יחע,יחה,יחנ,משא,משע,משה,משנ,מחא,מחע,מחה,מחנ
186,ישל,ישפ,יחל,יחפ,משל,משפ,מחל,מחפ
187,ישז,ישר,יחז,יחר,משז,משר,מחז,מחר
188,ישש,ישח,יחש,יחח,משש,משח,מחש,מחח
189,ישת,ישט,יחת,יחט,משת,משט,מחת,מחט
190,יתס,יטס,מתס,מטס
191,יתי,יתמ,יטי,יטמ,מתי,מתמ,מטי,מטמ
192,יתב,יתו,יטב,יטו,מתב,מתו,מטב,מטו
193,יתג,יתצ,יטג,יטצ,מתג,מתצ,מטג,מטצ
194,יתד,יתק,יטד,יטק,מתד,מתק,מטד,מטק
195,יתא,יתע,יתה,יתנ,יטא,יטע,יטה,יטנ,מתא,מתע,מתה,מתנ,מטא,מטע,מטה,מטנ
196,יתל,יתפ,יטל,יטפ,מתל,מתפ,מטל,מטפ
197,יתז,יתר,יטז,יטר,מתז,מתר,מטז,מטר
198,יתש,יתח,יטש,יטח,מתש,מתח,מטש,מטח
199,יתת,יתט,יטת,יטט,מתת,מתט,מטת,מטט
200,בסס,וסס
201,בסי,בסמ,וסי,וסמ
202,בסב,בסו,וסב,וסו
203,בסג,בסצ,וסג,וסצ
204,בסד,בסק,וסד,וסק
205,בסא,בסע,בסה,בסנ,וסא,וסע,וסה,וסנ
206,בסל,בספ,וסל,וספ
207,בסז,בסר,וסז,וסר
208,בסש,בסח,וסש,וסח
209,בסת,בסט,וסת,וסט
210,ביס,במס,ויס,ומס
211,ביי,בימ,במי,בממ,ויי,וימ,ומי,וממ
212,ביב,ביו,במב,במו,ויב,ויו,ומב,ומו
213,ביג,ביצ,במג,במצ,ויג,ויצ,ומג,ומצ
214,ביד,ביק,במד,במק,ויד,ויק,ומד,ומק
215,ביא,ביע,ביה,בינ,במא,במע,במה,במנ,ויא,ויע,ויה,וינ,ומא,ומע,ומה,ומנ
216,ביל,ביפ,במל,במפ,ויל,ויפ,ומל,ומפ
217,ביז,ביר,במז,במר,ויז,ויר,ומז,ומר
218,ביש,ביח,במש,במח,ויש,ויח,ומש,ומח
219,בית,ביט,במת,במט,וית,ויט,ומת,ומט
220,בבס,בוס,ובס,ווס
221,בבי,בבמ,בוי,בומ,ובי,ובמ,ווי,וומ
222,בבב,בבו,בוב,בוו,ובב,ובו,ווב,ווו
223,בבג,בבצ,בוג,בוצ,ובג,ובצ,ווג,ווצ
224,בבד,בבק,בוד,בוק,ובד,ובק,ווד,ווק
225,בבא,בבע,בבה,בבנ,בוא,בוע,בוה,בונ,ובא,ובע,ובה,ובנ,ווא,ווע,ווה,וונ
226,בבל,בבפ,בול,בופ,ובל,ובפ,וול,וופ
227,בבז,בבר,בוז,בור,ובז,ובר,ווז,וור
228,בבש,בבח,בוש,בוח,ובש,ובח,ווש,ווח
229,בבת,בבט,בות,בוט,ובת,ובט,וות,ווט
230,בגס,בצס,וגס,וצס
231,בגי,בגמ,בצי,בצמ,וגי,וגמ,וצי,וצמ
232,בגב,בגו,בצב,בצו,וגב,וגו,וצב,וצו
233,בגג,בגצ,בצג,בצצ,וגג,וגצ,וצג,וצצ
234,בגד,בגק,בצד,בצק,וגד,וגק,וצד,וצק
235,בגא,בגע,בגה,בגנ,בצא,בצע,בצה,בצנ,וגא,וגע,וגה,וגנ,וצא,וצע,וצה,וצנ
236,בגל,בגפ,בצל,בצפ,וגל,וגפ,וצל,וצפ
237,בגז,בגר,בצז,בצר,וגז,וגר,וצז,וצר
238,בגש,בגח,בצש,בצח,וגש,וגח,וצש,וצח
239,בגת,בגט,בצת,בצט,וגת,וגט,וצת,וצט
240,בדס,בקס,ודס,וקס
241,בדי,בדמ,בקי,בקמ,ודי,ודמ,וקי,וקמ
242,בדב,בדו,בקב,בקו,ודב,ודו,וקב,וקו
243,בדג,בדצ,בקג,בקצ,ודג,ודצ,וקג,וקצ
244,בדד,בדק,בקד,בקק,ודד,ודק,וקד,וקק
245,בדא,בדע,בדה,בדנ,בקא,בקע,בקה,בקנ,ודא,ודע,ודה,ודנ,וקא,וקע,וקה,וקנ
246,בדל,בדפ,בקל,בקפ,ודל,ודפ,וקל,וקפ
247,בדז,בדר,בקז,בקר,ודז,ודר,וקז,וקר
248,בדש,בדח,בקש,בקח,ודש,ודח,וקש,וקח
249,בדת,בדט,בקת,בקט,ודת,ודט,וקת,וקט
250,באס,בעס,בהס,בנס,ואס,ועס,והס,ונס
251,באי,באמ,בעי,בעמ,בהי,בהמ,בני,בנמ,ואי,ואמ,ועי,ועמ,והי,והמ,וני,ונמ
252,באב,באו,בעב,בעו,בהב,בהו,בנב,בנו,ואב,ואו,ועב,ועו,והב,והו,ונב,ונו
253,באג,באצ,בעג,בעצ,בהג,בהצ,בנג,בנצ,ואג,ואצ,ועג,ועצ,והג,והצ,ונג,ונצ
254,באד,באק,בעד,בעק,בהד,בהק,בנד,בנק,ואד,ואק,ועד,ועק,והד,והק,ונד,ונק
255,באא,באע,באה,באנ,בעא,בעע,בעה,בענ,בהא,בהע,בהה,בהנ,בנא,בנע,בנה,בננ,ואא,ואע,ואה,ואנ,ועא,ועע,ועה,וענ,והא,והע,והה,והנ,ונא,ונע,ונה,וננ
256,באל,באפ,בעל,בעפ,בהל,בהפ,בנל,בנפ,ואל,ואפ,ועל,ועפ,והל,והפ,ונל,ונפ
257,באז,באר,בעז,בער,בהז,בהר,בנז,בנר,ואז,ואר,ועז,וער,והז,והר,ונז,ונר
258,באש,באח,בעש,בעח,בהש,בהח,בנש,בנח,ואש,ואח,ועש,ועח,והש,והח,ונש,ונח
259,באת,באט,בעת,בעט,בהת,בהט,בנת,בנט,ואת,ואט,ועת,ועט,והת,והט,ונת,ונט
260,בלס,בפס,ולס,ופס
261,בלי,בלמ,בפי,בפמ,ולי,ולמ,ופי,ופמ
262,בלב,בלו,בפב,בפו,ולב,ולו,ופב,ופו
263,בלג,בלצ,בפג,בפצ,ולג,ולצ,ופג,ופצ
264,בלד,בלק,בפד,בפק,ולד,ולק,ופד,ופק
265,בלא,בלע,בלה,בלנ,בפא,בפע,בפה,בפנ,ולא,ולע,ולה,ולנ,ופא,ופע,ופה,ופנ
266,בלל,בלפ,בפל,בפפ,ולל,ולפ,ופל,ופפ
267,בלז,בלר,בפז,בפר,ולז,ולר,ופז,ופר
268,בלש,בלח,בפש,בפח,ולש,ולח,ופש,ופח
269,בלת,בלט,בפת,בפט,ולת,ולט,ופת,ופט
270,בזס,ברס,וזס,ורס
271,בזי,בזמ,ברי,ברמ,וזי,וזמ,ורי,ורמ
272,בזב,בזו,ברב,ברו,וזב,וזו,ורב,ורו
273,בזג,בזצ,ברג,ברצ,וזג,וזצ,ורג,ורצ
274,בזד,בזק,ברד,ברק,וזד,וזק,ורד,ורק
275,בזא,בזע,בזה,בזנ,ברא,ברע,ברה,ברנ,וזא,וזע,וזה,וזנ,ורא,ורע,ורה,ורנ
276,בזל,בזפ,ברל,ברפ,וזל,וזפ,ורל,ורפ
277,בזז,בזר,ברז,ברר,וזז,וזר,ורז,ורר
278,בזש,בזח,ברש,ברח,וזש,וזח,ורש,ורח
279,בזת,בזט,ברת,ברט,וזת,וזט,ורת,ורט
280,בשס,בחס,ושס,וחס
281,בשי,בשמ,בחי,בחמ,ושי,ושמ,וחי,וחמ
282,בשב,בשו,בחב,בחו,ושב,ושו,וחב,וחו
283,בשג,בשצ,בחג,בחצ,ושג,ושצ,וחג,וחצ
284,בשד,בשק,בחד,בחק,ושד,ושק,וחד,וחק
285,בשא,בשע,בשה,בשנ,בחא,בחע,בחה,בחנ,ושא,ושע,ושה,ושנ,וחא,וחע,וחה,וחנ
286,בשל,בשפ,בחל,בחפ,ושל,ושפ,וחל,וחפ
287,בשז,בשר,בחז,בחר,ושז,ושר,וחז,וחר
288,בשש,בשח,בחש,בחח,ושש,ושח,וחש,וחח
289,בשת,בשט,בחת,בחט,ושת,ושט,וחת,וחט
290,בתס,בטס,ותס,וטס
291,בתי,בתמ,בטי,בטמ,ותי,ותמ,וטי,וטמ
292,בתב,בתו,בטב,בטו,ותב,ותו,וטב,וטו
293,בתג,בתצ,בטג,בטצ,ותג,ותצ,וטג,וטצ
294,בתד,בתק,בטד,בטק,ותד,ותק,וטד,וטק
295,בתא,בתע,בתה,בתנ,בטא,בטע,בטה,בטנ,ותא,ותע,ותה,ותנ,וטא,וטע,וטה,וטנ
296,בתל,בתפ,בטל,בטפ,ותל,ותפ,וטל,וטפ
297,בתז,בתר,בטז,בטר,ותז,ותר,וטז,וטר
298,בתש,בתח,בטש,בטח,ותש,ותח,וטש,וטח
299,בתת,בתט,בטת,בטט,ותת,ותט,וטת,וטט
300,גסס,צסס
301,גסי,גסמ,צסי,צסמ
302,גסב,גסו,צסב,צסו
303,גסג,גסצ,צסג,צסצ
304,גסד,גסק,צסד,צסק
305,גסא,גסע,גסה,גסנ,צסא,צסע,צסה,צסנ
306,גסל,גספ,צסל,צספ
307,גסז,גסר,צסז,צסר
308,גסש,גסח,צסש,צסח
309,גסת,גסט,צסת,צסט
310,גיס,גמס,ציס,צמס
311,גיי,גימ,גמי,גממ,ציי,צימ,צמי,צממ
312,גיב,גיו,גמב,גמו,ציב,ציו,צמב,צמו
313,גיג,גיצ,גמג,גמצ,ציג,ציצ,צמג,צמצ
314,גיד,גיק,גמד,גמק,ציד,ציק,צמד,צמק
315,גיא,גיע,גיה,גינ,גמא,גמע,גמה,גמנ,ציא,ציע,ציה,צינ,צמא,צמע,צמה,צמנ
316,גיל,גיפ,גמל,גמפ,ציל,ציפ,צמל,צמפ
317,גיז,גיר,גמז,גמר,ציז,ציר,צמז,צמר
318,גיש,גיח,גמש,גמח,ציש,ציח,צמש,צמח
319,גית,גיט,גמת,גמט,צית,ציט,צמת,צמט
320,גבס,גוס,צבס,צוס
321,גבי,גבמ,גוי,גומ,צבי,צבמ,צוי,צומ
322,גבב,גבו,גוב,גוו,צבב,צבו,צוב,צוו
323,גבג,גבצ,גוג,גוצ,צבג,צבצ,צוג,צוצ
324,גבד,גבק,גוד,גוק,צבד,צבק,צוד,צוק
325,גבא,גבע,גבה,גבנ,גוא,גוע,גוה,גונ,צבא,צבע,צבה,צבנ,צוא,צוע,צוה,צונ
326,גבל,גבפ,גול,גופ,צבל,צבפ,צול,צופ
327,גבז,גבר,גוז,גור,צבז,צבר,צוז,צור
328,גבש,גבח,גוש,גוח,צבש,צבח,צוש,צוח
329,גבת,גבט,גות,גוט,צבת,צבט,צות,צוט
330,גגס,גצס,צגס,צצס
331,גגי,גגמ,גצי,גצמ,צגי,צגמ,צצי,צצמ
332,גגב,גגו,גצב,גצו,צגב,צגו,צצב,צצו
333,גגג,גגצ,גצג,גצצ,צגג,צגצ,צצג,צצצ
334,גגד,גגק,גצד,גצק,צגד,צגק,צצד,צצק
335,גגא,גגע,גגה,גגנ,גצא,גצע,גצה,גצנ,צגא,צגע,צגה,צגנ,צצא,צצע,צצה,צצנ
336,גגל,גגפ,גצל,גצפ,צגל,צגפ,צצל,צצפ
337,גגז,גגר,גצז,גצר,צגז,צגר,צצז,צצר
338,גגש,גגח,גצש,גצח,צגש,צגח,צצש,צצח
339,גגת,גגט,גצת,גצט,צגת,צגט,צצת,צצט
340,גדס,גקס,צדס,צקס
341,גדי,גדמ,גקי,גקמ,צדי,צדמ,צקי,צקמ
342,גדב,גדו,גקב,גקו,צדב,צדו,צקב,צקו
343,גדג,גדצ,גקג,גקצ,צדג,צדצ,צקג,צקצ
344,גדד,גדק,גקד,גקק,צדד,צדק,צקד,צקק
345,גדא,גדע,גדה,גדנ,גקא,גקע,גקה,גקנ,צדא,צדע,צדה,צדנ,צקא,צקע,צקה,צקנ
346,גדל,גדפ,גקל,גקפ,צדל,צדפ,צקל,צקפ
347,גדז,גדר,גקז,גקר,צדז,צדר,צקז,צקר
348,גדש,גדח,גקש,גקח,צדש,צדח,צקש,צקח
349,גדת,גדט,גקת,גקט,צדת,צדט,צקת,צקט
350,גאס,געס,גהס,גנס,צאס,צעס,צהס,צנס
351,גאי,גאמ,געי,געמ,גהי,גהמ,גני,גנמ,צאי,צאמ,צעי,צעמ,צהי,צהמ,צני,צנמ
352,גאב,גאו,געב,געו,גהב,גהו,גנב,גנו,צאב,צאו,צעב,צעו,צהב,צהו,צנב,צנו
353,גאג,גאצ,געג,געצ,גהג,גהצ,גנג,גנצ,צאג,צאצ,צעג,צעצ,צהג,צהצ,צנג,צנצ
354,גאד,גאק,געד,געק,גהד,גהק,גנד,גנק,צאד,צאק,צעד,צעק,צהד,צהק,צנד,צנק
355,גאא,גאע,גאה,גאנ,געא,געע,געה,גענ,גהא,גהע,גהה,גהנ,גנא,גנע,גנה,גננ,צאא,צאע,צאה,צאנ,צעא,צעע,צעה,צענ,צהא,צהע,צהה,צהנ,צנא,צנע,צנה,צננ
356,גאל,גאפ,געל,געפ,גהל,גהפ,גנל,גנפ,צאל,צאפ,צעל,צעפ,צהל,צהפ,צנל,צנפ
357,גאז,גאר,געז,גער,גהז,גהר,גנז,גנר,צאז,צאר,צעז,צער,צהז,צהר,צנז,צנר
358,גאש,גאח,געש,געח,גהש,גהח,גנש,גנח,צאש,צאח,צעש,צעח,צהש,צהח,צנש,צנח
359,גאת,גאט,געת,געט,גהת,גהט,גנת,גנט,צאת,צאט,צעת,צעט,צהת,צהט,צנת,צנט
360,גלס,גפס,צלס,צפס
361,גלי,גלמ,גפי,גפמ,צלי,צלמ,צפי,צפמ
362,גלב,גלו,גפב,גפו,צלב,צלו,צפב,צפו
363,גלג,גלצ,גפג,גפצ,צלג,צלצ,צפג,צפצ
364,גלד,גלק,גפד,גפק,צלד,צלק,צפד,צפק
365,גלא,גלע,גלה,גלנ,גפא,גפע,גפה,גפנ,צלא,צלע,צלה,צלנ,צפא,צפע,צפה,צפנ
366,גלל,גלפ,גפל,גפפ,צלל,צלפ,צפל,צפפ
367,גלז,גלר,גפז,גפר,צלז,צלר,צפז,צפר
368,גלש,גלח,גפש,גפח,צלש,צלח,צפש,צפח
369,גלת,גלט,גפת,גפט,צלת,צלט,צפת,צפט
370,גזס,גרס,צזס,צרס
371,גזי,גזמ,גרי,גרמ,צזי,צזמ,צרי,צרמ
372,גזב,גזו,גרב,גרו,צזב,צזו,צרב,צרו
373,גזג,גזצ,גרג,גרצ,צזג,צזצ,צרג,צרצ
374,גזד,גזק,גרד,גרק,צזד,צזק,צרד,צרק
375,גזא,גזע,גזה,גזנ,גרא,גרע,גרה,גרנ,צזא,צזע,צזה,צזנ,צרא,צרע,צרה,צרנ
376,גזל,גזפ,גרל,גרפ,צזל,צזפ,צרל,צרפ
377,גזז,גזר,גרז,גרר,צזז,צזר,צרז,צרר
378,גזש,גזח,גרש,גרח,צזש,צזח,צרש,צרח
379,גזת,גזט,גרת,גרט,צזת,צזט,צרת,צרט
380,גשס,גחס,צשס,צחס
381,גשי,גשמ,גחי,גחמ,צשי,צשמ,צחי,צחמ
382,גשב,גשו,גחב,גחו,צשב,צשו,צחב,צחו
383,גשג,גשצ,גחג,גחצ,צשג,צשצ,צחג,צחצ
384,גשד,גשק,גחד,גחק,צשד,צשק,צחד,צחק
385,גשא,גשע,גשה,גשנ,גחא,גחע,גחה,גחנ,צשא,צשע,צשה,צשנ,צחא,צחע,צחה,צחנ
386,גשל,גשפ,גחל,גחפ,צשל,צשפ,צחל,צחפ
387,גשז,גשר,גחז,גחר,צשז,צשר,צחז,צחר
388,גשש,גשח,גחש,גחח,צשש,צשח,צחש,צחח
389,גשת,גשט,גחת,גחט,צשת,צשט,צחת,צחט
390,גתס,גטס,צתס,צטס
391,גתי,גתמ,גטי,גטמ,צתי,צתמ,צטי,צטמ
392,גתב,גתו,גטב,גטו,צתב,צתו,צטב,צטו
393,גתג,גתצ,גטג,גטצ,צתג,צתצ,צטג,צטצ
394,גתד,גתק,גטד,גטק,צתד,צתק,צטד,צטק
395,גתא,גתע,גתה,גתנ,גטא,גטע,גטה,גטנ,צתא,צתע,צתה,צתנ,צטא,צטע,צטה,צטנ
396,גתל,גתפ,גטל,גטפ,צתל,צתפ,צטל,צטפ
397,גתז,גתר,גטז,גטר,צתז,צתר,צטז,צטר
398,גתש,גתח,גטש,גטח,צתש,צתח,צטש,צטח
399,גתת,גתט,גטת,גטט,צתת,צתט,צטת,צטט
400,דסס,קסס
401,דסי,דסמ,קסי,קסמ
402,דסב,דסו,קסב,קסו
403,דסג,דסצ,קסג,קסצ
404,דסד,דסק,קסד,קסק
405,דסא,דסע,דסה,דסנ,קסא,קסע,קסה,קסנ
406,דסל,דספ,קסל,קספ
407,דסז,דסר,קסז,קסר
408,דסש,דסח,קסש,קסח
409,דסת,דסט,קסת,קסט
410,דיס,דמס,קיס,קמס
411,דיי,דימ,דמי,דממ,קיי,קימ,קמי,קממ
412,דיב,דיו,דמב,דמו,קיב,קיו,קמב,קמו
413,דיג,דיצ,דמג,דמצ,קיג,קיצ,קמג,קמצ
414,דיד,דיק,דמד,דמק,קיד,קיק,קמד,קמק
415,דיא,דיע,דיה,דינ,דמא,דמע,דמה,דמנ,קיא,קיע,קיה,קינ,קמא,קמע,קמה,קמנ
416,דיל,דיפ,דמל,דמפ,קיל,קיפ,קמל,קמפ
417,דיז,דיר,דמז,דמר,קיז,קיר,קמז,קמר
418,דיש,דיח,דמש,דמח,קיש,קיח,קמש,קמח
419,דית,דיט,דמת,דמט,קית,קיט,קמת,קמט
420,דבס,דוס,קבס,קוס
421,דבי,דבמ,דוי,דומ,קבי,קבמ,קוי,קומ
422,דבב,דבו,דוב,דוו,קבב,קבו,קוב,קוו
423,דבג,דבצ,דוג,דוצ,קבג,קבצ,קוג,קוצ
424,דבד,דבק,דוד,דוק,קבד,קבק,קוד,קוק
425,דבא,דבע,דבה,דבנ,דוא,דוע,דוה,דונ,קבא,קבע,קבה,קבנ,קוא,קוע,קוה,קונ
426,דבל,דבפ,דול,דופ,קבל,קבפ,קול,קופ
427,דבז,דבר,דוז,דור,קבז,קבר,קוז,קור
428,דבש,דבח,דוש,דוח,קבש,קבח,קוש,קוח
429,דבת,דבט,דות,דוט,קבת,קבט,קות,קוט
430,דגס,דצס,קגס,קצס
431,דגי,דגמ,דצי,דצמ,קגי,קגמ,קצי,קצמ
432,דגב,דגו,דצב,דצו,קגב,קגו,קצב,קצו
433,דגג,דגצ,דצג,דצצ,קגג,קגצ,קצג,קצצ
434,דגד,דגק,דצד,דצק,קגד,קגק,קצד,קצק
435,דגא,דגע,דגה,דגנ,דצא,דצע,דצה,דצנ,קגא,קגע,קגה,קגנ,קצא,קצע,קצה,קצנ
436,דגל,דגפ,דצל,דצפ,קגל,קגפ,קצל,קצפ
437,דגז,דגר,דצז,דצר,קגז,קגר,קצז,קצר
438,דגש,דגח,דצש,דצח,קגש,קגח,קצש,קצח
439,דגת,דגט,דצת,דצט,קגת,קגט,קצת,קצט
440,דדס,דקס,קדס,קקס
441,דדי,דדמ,דקי,דקמ,קדי,קדמ,קקי,קקמ
442,דדב,דדו,דקב,דקו,קדב,קדו,קקב,קקו
443,דדג,דדצ,דקג,דקצ,קדג,קדצ,קקג,קקצ
444,דדד,דדק,דקד,דקק,קדד,קדק,קקד,קקק
445,דדא,דדע,דדה,דדנ,דקא,דקע,דקה,דקנ,קדא,קדע,קדה,קדנ,קקא,קקע,קקה,קקנ
446,דדל,דדפ,דקל,דקפ,קדל,קדפ,קקל,קקפ
447,דדז,דדר,דקז,דקר,קדז,קדר,קקז,קקר
448,דדש,דדח,דקש,דקח,קדש,קדח,קקש,קקח
449,דדת,דדט,דקת,דקט,קדת,קדט,קקת,קקט
450,דאס,דעס,דהס,דנס,קאס,קעס,קהס,קנס
451,דאי,דאמ,דעי,דעמ,דהי,דהמ,דני,דנמ,קאי,קאמ,קעי,קעמ,קהי,קהמ,קני,קנמ
452,דאב,דאו,דעב,דעו,דהב,דהו,דנב,דנו,קאב,קאו,קעב,קעו,קהב,קהו,קנב,קנו
453,דאג,דאצ,דעג,דעצ,דהג,דהצ,דנג,דנצ,קאג,קאצ,קעג,קעצ,קהג,קהצ,קנג,קנצ
454,דאד,דאק,דעד,דעק,דהד,דהק,דנד,דנק,קאד,קאק,קעד,קעק,קהד,קהק,קנד,קנק
455,דאא,דאע,דאה,דאנ,דעא,דעע,דעה,דענ,דהא,דהע,דהה,דהנ,דנא,דנע,דנה,דננ,קאא,קאע,קאה,קאנ,קעא,קעע,קעה,קענ,קהא,קהע,קהה,קהנ,קנא,קנע,קנה,קננ
456,דאל,דאפ,דעל,דעפ,דהל,דהפ,דנל,דנפ,קאל,קאפ,קעל,קעפ,קהל,קהפ,קנל,קנפ
457,דאז,דאר,דעז,דער,דהז,דהר,דנז,דנר,קאז,קאר,קעז,קער,קהז,קהר,קנז,קנר
458,דאש,דאח,דעש,דעח,דהש,דהח,דנש,דנח,קאש,קאח,קעש,קעח,קהש,קהח,קנש,קנח
459,דאת,דאט,דעת,דעט,דהת,דהט,דנת,דנט,קאת,קאט,קעת,קעט,קהת,קהט,קנת,קנט
460,דלס,דפס,קלס,קפס
461,דלי,דלמ,דפי,דפמ,קלי,קלמ,קפי,קפמ
462,דלב,דלו,דפב,דפו,קלב,קלו,קפב,קפו
463,דלג,דלצ,דפג,דפצ,קלג,קלצ,קפג,קפצ
464,דלד,דלק,דפד,דפק,קלד,קלק,קפד,קפק
465,דלא,דלע,דלה,דלנ,דפא,דפע,דפה,דפנ,קלא,קלע,קלה,קלנ,קפא,קפע,קפה,קפנ
466,דלל,דלפ,דפל,דפפ,קלל,קלפ,קפל,קפפ
467,דלז,דלר,דפז,דפר,קלז,קלר,קפז,קפר
468,דלש,דלח,דפש,דפח,קלש,קלח,קפש,קפח
469,דלת,דלט,דפת,דפט,קלת,קלט,קפת,קפט
470,דזס,דרס,קזס,קרס
471,דזי,דזמ,דרי,דרמ,קזי,קזמ,קרי,קרמ
472,דזב,דזו,דרב,דרו,קזב,קזו,קרב,קרו
473,דזג,דזצ,דרג,דרצ,קזג,קזצ,קרג,קרצ
474,דזד,דזק,דרד,דרק,קזד,קזק,קרד,קרק
475,דזא,דזע,דזה,דזנ,דרא,דרע,דרה,דרנ,קזא,קזע,קזה,קזנ,קרא,קרע,קרה,קרנ
476,דזל,דזפ,דרל,דרפ,קזל,קזפ,קרל,קרפ
477,דזז,דזר,דרז,דרר,קזז,קזר,קרז,קרר
478,דזש,דזח,דרש,דרח,קזש,קזח,קרש,קרח
479,דזת,דזט,דרת,דרט,קזת,קזט,קרת,קרט
480,דשס,דחס,קשס,קחס
481,דשי,דשמ,דחי,דחמ,קשי,קשמ,קחי,קחמ
482,דשב,דשו,דחב,דחו,קשב,קשו,קחב,קחו
483,דשג,דשצ,דחג,דחצ,קשג,קשצ,קחג,קחצ
484,דשד,דשק,דחד,דחק,קשד,קשק,קחד,קחק
485,דשא,דשע,דשה,דשנ,דחא,דחע,דחה,דחנ,קשא,קשע,קשה,קשנ,קחא,קחע,קחה,קחנ
486,דשל,דשפ,דחל,דחפ,קשל,קשפ,קחל,קחפ
487,דשז,דשר,דחז,דחר,קשז,קשר,קחז,קחר
488,דשש,דשח,דחש,דחח,קשש,קשח,קחש,קחח
489,דשת,דשט,דחת,דחט,קשת,קשט,קחת,קחט
490,דתס,דטס,קתס,קטס
491,דתי,דתמ,דטי,דטמ,קתי,קתמ,קטי,קטמ
492,דתב,דתו,דטב,דטו,קתב,קתו,קטב,קטו
493,דתג,דתצ,דטג,דטצ,קתג,קתצ,קטג,קטצ
494,דתד,דתק,דטד,דטק,קתד,קתק,קטד,קטק
495,דתא,דתע,דתה,דתנ,דטא,דטע,דטה,דטנ,קתא,קתע,קתה,קתנ,קטא,קטע,קטה,קטנ
496,דתל,דתפ,דטל,דטפ,קתל,קתפ,קטל,קטפ
497,דתז,דתר,דטז,דטר,קתז,קתר,קטז,קטר
498,דתש,דתח,דטש,דטח,קתש,קתח,קטש,קטח
499,דתת,דתט,דטת,דטט,קתת,קתט,קטת,קטט
500,אסס,עסס,הסס,נסס
501,אסי,אסמ,עסי,עסמ,הסי,הסמ,נסי,נסמ
502,אסב,אסו,עסב,עסו,הסב,הסו,נסב,נסו
503,אסג,אסצ,עסג,עסצ,הסג,הסצ,נסג,נסצ
504,אסד,אסק,עסד,עסק,הסד,הסק,נסד,נסק
505,אסא,אסע,אסה,אסנ,עסא,עסע,עסה,עסנ,הסא,הסע,הסה,הסנ,נסא,נסע,נסה,נסנ
506,אסל,אספ,עסל,עספ,הסל,הספ,נסל,נספ
507,אסז,אסר,עסז,עסר,הסז,הסר,נסז,נסר
508,אסש,אסח,עסש,עסח,הסש,הסח,נסש,נסח
509,אסת,אסט,עסת,עסט,הסת,הסט,נסת,נסט
510,איס,אמס,עיס,עמס,היס,המס,ניס,נמס
511,איי,אימ,אמי,אממ,עיי,עימ,עמי,עממ,היי,הימ,המי,הממ,ניי,נימ,נמי,נממ
512,איב,איו,אמב,אמו,עיב,עיו,עמב,עמו,היב,היו,המב,המו,ניב,ניו,נמב,נמו
513,איג,איצ,אמג,אמצ,עיג,עיצ,עמג,עמצ,היג,היצ,המג,המצ,ניג,ניצ,נמג,נמצ
514,איד,איק,אמד,אמק,עיד,עיק,עמד,עמק,היד,היק,המד,המק,ניד,ניק,נמד,נמק
515,איא,איע,איה,אינ,אמא,אמע,אמה,אמנ,עיא,עיע,עיה,עינ,עמא,עמע,עמה,עמנ,היא,היע,היה,הינ,המא,המע,המה,המנ,ניא,ניע,ניה,נינ,נמא,נמע,נמה,נמנ
516,איל,איפ,אמל,אמפ,עיל,עיפ,עמל,עמפ,היל,היפ,המל,המפ,ניל,ניפ,נמל,נמפ
517,איז,איר,אמז,אמר,עיז,עיר,עמז,עמר,היז,היר,המז,המר,ניז,ניר,נמז,נמר
518,איש,איח,אמש,אמח,עיש,עיח,עמש,עמח,היש,היח,המש,המח,ניש,ניח,נמש,נמח
519,אית,איט,אמת,אמט,עית,עיט,עמת,עמט,הית,היט,המת,המט,נית,ניט,נמת,נמט
520,אבס,אוס,עבס,עוס,הבס,הוס,נבס,נוס
521,אבי,אבמ,אוי,אומ,עבי,עבמ,עוי,עומ,הבי,הבמ,הוי,הומ,נבי,נבמ,נוי,נומ
522,אבב,אבו,אוב,אוו,עבב,עבו,עוב,עוו,הבב,הבו,הוב,הוו,נבב,נבו,נוב,נוו
523,אבג,אבצ,אוג,אוצ,עבג,עבצ,עוג,עוצ,הבג,הבצ,הוג,הוצ,נבג,נבצ,נוג,נוצ
524,אבד,אבק,אוד,אוק,עבד,עבק,עוד,עוק,הבד,הבק,הוד,הוק,נבד,נבק,נוד,נוק
525,אבא,אבע,אבה,אבנ,אוא,אוע,אוה,אונ,עבא,עבע,עבה,עבנ,עוא,עוע,עוה,עונ,הבא,הבע,הבה,הבנ,הוא,הוע,הוה,הונ,נבא,נבע,נבה,נבנ,נוא,נוע,נוה,נונ
526,אבל,אבפ,אול,אופ,עבל,עבפ,עול,עופ,הבל,הבפ,הול,הופ,נבל,נבפ,נול,נופ
527,אבז,אבר,אוז,אור,עבז,עבר,עוז,עור,הבז,הבר,הוז,הור,נבז,נבר,נוז,נור
528,אבש,אבח,אוש,אוח,עבש,עבח,עוש,עוח,הבש,הבח,הוש,הוח,נבש,נבח,נוש,נוח
529,אבת,אבט,אות,אוט,עבת,עבט,עות,עוט,הבת,הבט,הות,הוט,נבת,נבט,נות,נוט
530,אגס,אצס,עגס,עצס,הגס,הצס,נגס,נצס
531,אגי,אגמ,אצי,אצמ,עגי,עגמ,עצי,עצמ,הגי,הגמ,הצי,הצמ,נגי,נגמ,נצי,נצמ
532,אגב,אגו,אצב,אצו,עגב,עגו,עצב,עצו,הגב,הגו,הצב,הצו,נגב,נגו,נצב,נצו
533,אגג,אגצ,אצג,אצצ,עגג,עגצ,עצג,עצצ,הגג,הגצ,הצג,הצצ,נגג,נגצ,נצג,נצצ
534,אגד,אגק,אצד,אצק,עגד,עגק,עצד,עצק,הגד,הגק,הצד,הצק,נגד,נגק,נצד,נצק
535,אגא,אגע,אגה,אגנ,אצא,אצע,אצה,אצנ,עגא,עגע,עגה,עגנ,עצא,עצע,עצה,עצנ,הגא,הגע,הגה,הגנ,הצא,הצע,הצה,הצנ,נגא,נגע,נגה,נגנ,נצא,נצע,נצה,נצנ
536,אגל,אגפ,אצל,אצפ,עגל,עגפ,עצל,עצפ,הגל,הגפ,הצל,הצפ,נגל,נגפ,נצל,נצפ
537,אגז,אגר,אצז,אצר,עגז,עגר,עצז,עצר,הגז,הגר,הצז,הצר,נגז,נגר,נצז,נצר
538,אגש,אגח,אצש,אצח,עגש,עגח,עצש,עצח,הגש,הגח,הצש,הצח,נגש,נגח,נצש,נצח
539,אגת,אגט,אצת,אצט,עגת,עגט,עצת,עצט,הגת,הגט,הצת,הצט,נגת,נגט,נצת,נצט
540,אדס,אקס,עדס,עקס,הדס,הקס,נדס,נקס
541,אדי,אדמ,אקי,אקמ,עדי,עדמ,עקי,עקמ,הדי,הדמ,הקי,הקמ,נדי,נדמ,נקי,נקמ
542,אדב,אדו,אקב,אקו,עדב,עדו,עקב,עקו,הדב,הדו,הקב,הקו,נדב,נדו,נקב,נקו
543,אדג,אדצ,אקג,אקצ,עדג,עדצ,עקג,עקצ,הדג,הדצ,הקג,הקצ,נדג,נדצ,נקג,נקצ
544,אדד,אדק,אקד,אקק,עדד,עדק,עקד,עקק,הדד,הדק,הקד,הקק,נדד,נדק,נקד,נקק
545,אדא,אדע,אדה,אדנ,אקא,אקע,אקה,אקנ,עדא,עדע,עדה,עדנ,עקא,עקע,עקה,עקנ,הדא,הדע,הדה,הדנ,הקא,הקע,הקה,הקנ,נדא,נדע,נדה,נדנ,נקא,נקע,נקה,נקנ
546,אדל,אדפ,אקל,אקפ,עדל,עדפ,עקל,עקפ,הדל,הדפ,הקל,הקפ,נדל,נדפ,נקל,נקפ
547,אדז,אדר,אקז,אקר,עדז,עדר,עקז,עקר,הדז,הדר,הקז,הקר,נדז,נדר,נקז,נקר
548,אדש,אדח,אקש,אקח,עדש,עדח,עקש,עקח,הדש,הדח,הקש,הקח,נדש,נדח,נקש,נקח
549,אדת,אדט,אקת,אקט,עדת,עדט,עקת,עקט,הדת,הדט,הקת,הקט,נדת,נדט,נקת,נקט
550,אאס,אעס,אהס,אנס,עאס,עעס,עהס,ענס,האס,העס,ההס,הנס,נאס,נעס,נהס,ננס
551,אאי,אאמ,אעי,אעמ,אהי,אהמ,אני,אנמ,עאי,עאמ,עעי,עעמ,עהי,עהמ,עני,ענמ,האי,האמ,העי,העמ,ההי,ההמ,הני,הנמ,נאי,נאמ,נעי,נעמ,נהי,נהמ,נני,ננמ
552,אאב,אאו,אעב,אעו,אהב,אהו,אנב,אנו,עאב,עאו,עעב,עעו,עהב,עהו,ענב,ענו,האב,האו,העב,העו,ההב,ההו,הנב,הנו,נאב,נאו,נעב,נעו,נהב,נהו,ננב,ננו
553,אאג,אאצ,אעג,אעצ,אהג,אהצ,אנג,אנצ,עאג,עאצ,עעג,עעצ,עהג,עהצ,ענג,ענצ,האג,האצ,העג,העצ,ההג,ההצ,הנג,הנצ,נאג,נאצ,נעג,נעצ,נהג,נהצ,ננג,ננצ
554,אאד,אאק,אעד,אעק,אהד,אהק,אנד,אנק,עאד,עאק,עעד,עעק,עהד,עהק,ענד,ענק,האד,האק,העד,העק,ההד,ההק,הנד,הנק,נאד,נאק,נעד,נעק,נהד,נהק,ננד,ננק
555,אאא,אאע,אאה,אאנ,אעא,אעע,אעה,אענ,אהא,אהע,אהה,אהנ,אנא,אנע,אנה,אננ,עאא,עאע,עאה,עאנ,עעא,עעע,עעה,עענ,עהא,עהע,עהה,עהנ,ענא,ענע,ענה,עננ,האא,האע,האה,האנ,העא,העע,העה,הענ,ההא,ההע,ההה,ההנ,הנא,הנע,הנה,הננ,נאא,נאע,נאה,נאנ,נעא,נעע,נעה,נענ,נהא,נהע,נהה,נהנ,ננא,ננע,ננה,נננ
556,אאל,אאפ,אעל,אעפ,אהל,אהפ,אנל,אנפ,עאל,עאפ,עעל,עעפ,עהל,עהפ,ענל,ענפ,האל,האפ,העל,העפ,ההל,ההפ,הנל,הנפ,נאל,נאפ,נעל,נעפ,נהל,נהפ,ננל,ננפ
557,אאז,אאר,אעז,אער,אהז,אהר,אנז,אנר,עאז,עאר,עעז,עער,עהז,עהר,ענז,ענר,האז,האר,העז,הער,ההז,ההר,הנז,הנר,נאז,נאר,נעז,נער,נהז,נהר,ננז,ננר
558,אאש,אאח,אעש,אעח,אהש,אהח,אנש,אנח,עאש,עאח,עעש,עעח,עהש,עהח,ענש,ענח,האש,האח,העש,העח,ההש,ההח,הנש,הנח,נאש,נאח,נעש,נעח,נהש,נהח,ננש,ננח
559,אאת,אאט,אעת,אעט,אהת,אהט,אנת,אנט,עאת,עאט,עעת,עעט,עהת,עהט,ענת,ענט,האת,האט,העת,העט,ההת,ההט,הנת,הנט,נאת,נאט,נעת,נעט,נהת,נהט,ננת,ננט
560,אלס,אפס,עלס,עפס,הלס,הפס,נלס,נפס
561,אלי,אלמ,אפי,אפמ,עלי,עלמ,עפי,עפמ,הלי,הלמ,הפי,הפמ,נלי,נלמ,נפי,נפמ
562,אלב,אלו,אפב,אפו,עלב,עלו,עפב,עפו,הלב,הלו,הפב,הפו,נלב,נלו,נפב,נפו
563,אלג,אלצ,אפג,אפצ,עלג,עלצ,עפג,עפצ,הלג,הלצ,הפג,הפצ,נלג,נלצ,נפג,נפצ
564,אלד,אלק,אפד,אפק,עלד,עלק,עפד,עפק,הלד,הלק,הפד,הפק,נלד,נלק,נפד,נפק
565,אלא,אלע,אלה,אלנ,אפא,אפע,אפה,אפנ,עלא,עלע,עלה,עלנ,עפא,עפע,עפה,עפנ,הלא,הלע,הלה,הלנ,הפא,הפע,הפה,הפנ,נלא,נלע,נלה,נלנ,נפא,נפע,נפה,נפנ
566,אלל,אלפ,אפל,אפפ,עלל,עלפ,עפל,עפפ,הלל,הלפ,הפל,הפפ,נלל,נלפ,נפל,נפפ
567,אלז,אלר,אפז,אפר,עלז,עלר,עפז,עפר,הלז,הלר,הפז,הפר,נלז,נלר,נפז,נפר
568,אלש,אלח,אפש,אפח,עלש,עלח,עפש,עפח,הלש,הלח,הפש,הפח,נלש,נלח,נפש,נפח
569,אלת,אלט,אפת,אפט,עלת,עלט,עפת,עפט,הלת,הלט,הפת,הפט,נלת,נלט,נפת,נפט
570,אזס,ארס,עזס,ערס,הזס,הרס,נזס,נרס
571,אזי,אזמ,ארי,ארמ,עזי,עזמ,ערי,ערמ,הזי,הזמ,הרי,הרמ,נזי,נזמ,נרי,נרמ
572,אזב,אזו,ארב,ארו,עזב,עזו,ערב,ערו,הזב,הזו,הרב,הרו,נזב,נזו,נרב,נרו
573,אזג,אזצ,ארג,ארצ,עזג,עזצ,ערג,ערצ,הזג,הזצ,הרג,הרצ,נזג,נזצ,נרג,נרצ
574,אזד,אזק,ארד,ארק,עזד,עזק,ערד,ערק,הזד,הזק,הרד,הרק,נזד,נזק,נרד,נרק
575,אזא,אזע,אזה,אזנ,ארא,ארע,ארה,ארנ,עזא,עזע,עזה,עזנ,ערא,ערע,ערה,ערנ,הזא,הזע,הזה,הזנ,הרא,הרע,הרה,הרנ,נזא,נזע,נזה,נזנ,נרא,נרע,נרה,נרנ
576,אזל,אזפ,ארל,ארפ,עזל,עזפ,ערל,ערפ,הזל,הזפ,הרל,הרפ,נזל,נזפ,נרל,נרפ
577,אזז,אזר,ארז,ארר,עזז,עזר,ערז,ערר,הזז,הזר,הרז,הרר,נזז,נזר,נרז,נרר
578,אזש,אזח,ארש,ארח,עזש,עזח,ערש,ערח,הזש,הזח,הרש,הרח,נזש,נזח,נרש,נרח
579,אזת,אזט,ארת,ארט,עזת,עזט,ערת,ערט,הזת,הזט,הרת,הרט,נזת,נזט,נרת,נרט
580,אשס,אחס,עשס,עחס,השס,החס,נשס,נחס
581,אשי,אשמ,אחי,אחמ,עשי,עשמ,עחי,עחמ,השי,השמ,החי,החמ,נשי,נשמ,נחי,נחמ
582,אשב,אשו,אחב,אחו,עשב,עשו,עחב,עחו,השב,השו,החב,החו,נשב,נשו,נחב,נחו
583,אשג,אשצ,אחג,אחצ,עשג,עשצ,עחג,עחצ,השג,השצ,החג,החצ,נשג,נשצ,נחג,נחצ
584,אשד,אשק,אחד,אחק,עשד,עשק,עחד,עחק,השד,השק,החד,החק,נשד,נשק,נחד,נחק
585,אשא,אשע,אשה,אשנ,אחא,אחע,אחה,אחנ,עשא,עשע,עשה,עשנ,עחא,עחע,עחה,עחנ,השא,השע,השה,השנ,החא,החע,החה,החנ,נשא,נשע,נשה,נשנ,נחא,נחע,נחה,נחנ
586,אשל,אשפ,אחל,אחפ,עשל,עשפ,עחל,עחפ,השל,השפ,החל,החפ,נשל,נשפ,נחל,נחפ
587,אשז,אשר,אחז,אחר,עשז,עשר,עחז,עחר,השז,השר,החז,החר,נשז,נשר,נחז,נחר
588,אשש,אשח,אחש,אחח,עשש,עשח,עחש,עחח,השש,השח,החש,החח,נשש,נשח,נחש,נחח
589,אשת,אשט,אחת,אחט,עשת,עשט,עחת,עחט,השת,השט,החת,החט,נשת,נשט,נחת,נחט
590,אתס,אטס,עתס,עטס,התס,הטס,נתס,נטס
591,אתי,אתמ,אטי,אטמ,עתי,עתמ,עטי,עטמ,התי,התמ,הטי,הטמ,נתי,נתמ,נטי,נטמ
592,אתב,אתו,אטב,אטו,עתב,עתו,עטב,עטו,התב,התו,הטב,הטו,נתב,נתו,נטב,נטו
593,אתג,אתצ,אטג,אטצ,עתג,עתצ,עטג,עטצ,התג,התצ,הטג,הטצ,נתג,נתצ,נטג,נטצ
594,אתד,אתק,אטד,אטק,עתד,עתק,עטד,עטק,התד,התק,הטד,הטק,נתד,נתק,נטד,נטק
595,אתא,אתע,אתה,אתנ,אטא,אטע,אטה,אטנ,עתא,עתע,עתה,עתנ,עטא,עטע,עטה,עטנ,התא,התע,התה,התנ,הטא,הטע,הטה,הטנ,נתא,נתע,נתה,נתנ,נטא,נטע,נטה,נטנ
596,אתל,אתפ,אטל,אטפ,עתל,עתפ,עטל,עטפ,התל,התפ,הטל,הטפ,נתל,נתפ,נטל,נטפ
597,אתז,אתר,אטז,אטר,עתז,עתר,עטז,עטר,התז,התר,הטז,הטר,נתז,נתר,נטז,נטר
598,אתש,אתח,אטש,אטח,עתש,עתח,עטש,עטח,התש,התח,הטש,הטח,נתש,נתח,נטש,נטח
599,אתת,אתט,אטת,אטט,עתת,עתט,עטת,עטט,התת,התט,הטת,הטט,נתת,נתט,נטת,נטט
600,לסס,פסס
601,לסי,לסמ,פסי,פסמ
602,לסב,לסו,פסב,פסו
603,לסג,לסצ,פסג,פסצ
604,לסד,לסק,פסד,פסק
605,לסא,לסע,לסה,לסנ,פסא,פסע,פסה,פסנ
606,לסל,לספ,פסל,פספ
607,לסז,לסר,פסז,פסר
608,לסש,לסח,פסש,פסח
609,לסת,לסט,פסת,פסט
610,ליס,למס,פיס,פמס
611,ליי,לימ,למי,לממ,פיי,פימ,פמי,פממ
612,ליב,ליו,למב,למו,פיב,פיו,פמב,פמו
613,ליג,ליצ,למג,למצ,פיג,פיצ,פמג,פמצ
614,ליד,ליק,למד,למק,פיד,פיק,פמד,פמק
615,ליא,ליע,ליה,לינ,למא,למע,למה,למנ,פיא,פיע,פיה,פינ,פמא,פמע,פמה,פמנ
616,ליל,ליפ,למל,למפ,פיל,פיפ,פמל,פמפ
617,ליז,ליר,למז,למר,פיז,פיר,פמז,פמר
618,ליש,ליח,למש,למח,פיש,פיח,פמש,פמח
619,לית,ליט,למת,למט,פית,פיט,פמת,פמט
620,לבס,לוס,פבס,פוס
621,לבי,לבמ,לוי,לומ,פבי,פבמ,פוי,פומ
622,לבב,לבו,לוב,לוו,פבב,פבו,פוב,פוו
623,לבג,לבצ,לוג,לוצ,פבג,פבצ,פוג,פוצ
624,לבד,לבק,לוד,לוק,פבד,פבק,פוד,פוק
625,לבא,לבע,לבה,לבנ,לוא,לוע,לוה,לונ,פבא,פבע,פבה,פבנ,פוא,פוע,פוה,פונ
626,לבל,לבפ,לול,לופ,פבל,פבפ,פול,פופ
627,לבז,לבר,לוז,לור,פבז,פבר,פוז,פור
628,לבש,לבח,לוש,לוח,פבש,פבח,פוש,פוח
629,לבת,לבט,לות,לוט,פבת,פבט,פות,פוט
630,לגס,לצס,פגס,פצס
631,לגי,לגמ,לצי,לצמ,פגי,פגמ,פצי,פצמ
632,לגב,לגו,לצב,לצו,פגב,פגו,פצב,פצו
633,לגג,לגצ,לצג,לצצ,פגג,פגצ,פצג,פצצ
634,לגד,לגק,לצד,לצק,פגד,פגק,פצד,פצק
635,לגא,לגע,לגה,לגנ,לצא,לצע,לצה,לצנ,פגא,פגע,פגה,פגנ,פצא,פצע,פצה,פצנ
636,לגל,לגפ,לצל,לצפ,פגל,פגפ,פצל,פצפ
637,לגז,לגר,לצז,לצר,פגז,פגר,פצז,פצר
638,לגש,לגח,לצש,לצח,פגש,פגח,פצש,פצח
639,לגת,לגט,לצת,לצט,פגת,פגט,פצת,פצט
640,לדס,לקס,פדס,פקס
641,לדי,לדמ,לקי,לקמ,פדי,פדמ,פקי,פקמ
642,לדב,לדו,לקב,לקו,פדב,פדו,פקב,פקו
643,לדג,לדצ,לקג,לקצ,פדג,פדצ,פקג,פקצ
644,לדד,לדק,לקד,לקק,פדד,פדק,פקד,פקק
645,לדא,לדע,לדה,לדנ,לקא,לקע,לקה,לקנ,פדא,פדע,פדה,פדנ,פקא,פקע,פקה,פקנ
646,לדל,לדפ,לקל,לקפ,פדל,פדפ,פקל,פקפ
647,לדז,לדר,לקז,לקר,פדז,פדר,פקז,פקר
648,לדש,לדח,לקש,לקח,פדש,פדח,פקש,פקח
649,לדת,לדט,לקת,לקט,פדת,פדט,פקת,פקט
650,לאס,לעס,להס,לנס,פאס,פעס,פהס,פנס
651,לאי,לאמ,לעי,לעמ,להי,להמ,לני,לנמ,פאי,פאמ,פעי,פעמ,פהי,פהמ,פני,פנמ
652,לאב,לאו,לעב,לעו,להב,להו,לנב,לנו,פאב,פאו,פעב,פעו,פהב,פהו,פנב,פנו
653,לאג,לאצ,לעג,לעצ,להג,להצ,לנג,לנצ,פאג,פאצ,פעג,פעצ,פהג,פהצ,פנג,פנצ
654,לאד,לאק,לעד,לעק,להד,להק,לנד,לנק,פאד,פאק,פעד,פעק,פהד,פהק,פנד,פנק
655,לאא,לאע,לאה,לאנ,לעא,לעע,לעה,לענ,להא,להע,להה,להנ,לנא,לנע,לנה,לננ,פאא,פאע,פאה,פאנ,פעא,פעע,פעה,פענ,פהא,פהע,פהה,פהנ,פנא,פנע,פנה,פננ
656,לאל,לאפ,לעל,לעפ,להל,להפ,לנל,לנפ,פאל,פאפ,פעל,פעפ,פהל,פהפ,פנל,פנפ
657,לאז,לאר,לעז,לער,להז,להר,לנז,לנר,פאז,פאר,פעז,פער,פהז,פהר,פנז,פנר
658,לאש,לאח,לעש,לעח,להש,להח,לנש,לנח,פאש,פאח,פעש,פעח,פהש,פהח,פנש,פנח
659,לאת,לאט,לעת,לעט,להת,להט,לנת,לנט,פאת,פאט,פעת,פעט,פהת,פהט,פנת,פנט
660,ללס,לפס,פלס,פפס
661,ללי,ללמ,לפי,לפמ,פלי,פלמ,פפי,פפמ
662,ללב,ללו,לפב,לפו,פלב,פלו,פפב,פפו
663,ללג,ללצ,לפג,לפצ,פלג,פלצ,פפג,פפצ
664,ללד,ללק,לפד,לפק,פלד,פלק,פפד,פפק
665,ללא,ללע,ללה,ללנ,לפא,לפע,לפה,לפנ,פלא,פלע,פלה,פלנ,פפא,פפע,פפה,פפנ
666,ללל,ללפ,לפל,לפפ,פלל,פלפ,פפל,פפפ
667,ללז,ללר,לפז,לפר,פלז,פלר,פפז,פפר
668,ללש,ללח,לפש,לפח,פלש,פלח,פפש,פפח
669,ללת,ללט,לפת,לפט,פלת,פלט,פפת,פפט
670,לזס,לרס,פזס,פרס
671,לזי,לזמ,לרי,לרמ,פזי,פזמ,פרי,פרמ
672,לזב,לזו,לרב,לרו,פזב,פזו,פרב,פרו
673,לזג,לזצ,לרג,לרצ,פזג,פזצ,פרג,פרצ
674,לזד,לזק,לרד,לרק,פזד,פזק,פרד,פרק
675,לזא,לזע,לזה,לזנ,לרא,לרע,לרה,לרנ,פזא,פזע,פזה,פזנ,פרא,פרע,פרה,פרנ
676,לזל,לזפ,לרל,לרפ,פזל,פזפ,פרל,פרפ
677,לזז,לזר,לרז,לרר,פזז,פזר,פרז,פרר
678,לזש,לזח,לרש,לרח,פזש,פזח,פרש,פרח
679,לזת,לזט,לרת,לרט,פזת,פזט,פרת,פרט
680,לשס,לחס,פשס,פחס
681,לשי,לשמ,לחי,לחמ,פשי,פשמ,פחי,פחמ
682,לשב,לשו,לחב,לחו,פשב,פשו,פחב,פחו
683,לשג,לשצ,לחג,לחצ,פשג,פשצ,פחג,פחצ
684,לשד,לשק,לחד,לחק,פשד,פשק,פחד,פחק
685,לשא,לשע,לשה,לשנ,לחא,לחע,לחה,לחנ,פשא,פשע,פשה,פשנ,פחא,פחע,פחה,פחנ
686,לשל,לשפ,לחל,לחפ,פשל,פשפ,פחל,פחפ
687,לשז,לשר,לחז,לחר,פשז,פשר,פחז,פחר
688,לשש,לשח,לחש,לחח,פשש,פשח,פחש,פחח
689,לשת,לשט,לחת,לחט,פשת,פשט,פחת,פחט
690,לתס,לטס,פתס,פטס
691,לתי,לתמ,לטי,לטמ,פתי,פתמ,פטי,פטמ
692,לתב,לתו,לטב,לטו,פתב,פתו,פטב,פטו
693,לתג,לתצ,לטג,לטצ,פתג,פתצ,פטג,פטצ
694,לתד,לתק,לטד,לטק,פתד,פתק,פטד,פטק
695,לתא,לתע,לתה,לתנ,לטא,לטע,לטה,לטנ,פתא,פתע,פתה,פתנ,פטא,פטע,פטה,פטנ
696,לתל,לתפ,לטל,לטפ,פתל,פתפ,פטל,פטפ
697,לתז,לתר,לטז,לטר,פתז,פתר,פטז,פטר
698,לתש,לתח,לטש,לטח,פתש,פתח,פטש,פטח
699,לתת,לתט,לטת,לטט,פתת,פתט,פטת,פטט
700,זסס,רסס
701,זסי,זסמ,רסי,רסמ
702,זסב,זסו,רסב,רסו
703,זסג,זסצ,רסג,רסצ
704,זסד,זסק,רסד,רסק
705,זסא,זסע,זסה,זסנ,רסא,רסע,רסה,רסנ
706,זסל,זספ,רסל,רספ
707,זסז,זסר,רסז,רסר
708,זסש,זסח,רסש,רסח
709,זסת,זסט,רסת,רסט
710,זיס,זמס,ריס,רמס
711,זיי,זימ,זמי,זממ,ריי,רימ,רמי,רממ
712,זיב,זיו,זמב,זמו,ריב,ריו,רמב,רמו
713,זיג,זיצ,זמג,זמצ,ריג,ריצ,רמג,רמצ
714,זיד,זיק,זמד,זמק,ריד,ריק,רמד,רמק
715,זיא,זיע,זיה,זינ,זמא,זמע,זמה,זמנ,ריא,ריע,ריה,רינ,רמא,רמע,רמה,רמנ
716,זיל,זיפ,זמל,זמפ,ריל,ריפ,רמל,רמפ
717,זיז,זיר,זמז,זמר,ריז,ריר,רמז,רמר
718,זיש,זיח,זמש,זמח,ריש,ריח,רמש,רמח
719,זית,זיט,זמת,זמט,רית,ריט,רמת,רמט
720,זבס,זוס,רבס,רוס
721,זבי,זבמ,זוי,זומ,רבי,רבמ,רוי,רומ
722,זבב,זבו,זוב,זוו,רבב,רבו,רוב,רוו
723,זבג,זבצ,זוג,זוצ,רבג,רבצ,רוג,רוצ
724,זבד,זבק,זוד,זוק,רבד,רבק,רוד,רוק
725,זבא,זבע,זבה,זבנ,זוא,זוע,זוה,זונ,רבא,רבע,רבה,רבנ,רוא,רוע,רוה,רונ
726,זבל,זבפ,זול,זופ,רבל,רבפ,רול,רופ
727,זבז,זבר,זוז,זור,רבז,רבר,רוז,רור
728,זבש,זבח,זוש,זוח,רבש,רבח,רוש,רוח
729,זבת,זבט,זות,זוט,רבת,רבט,רות,רוט
730,זגס,זצס,רגס,רצס
731,זגי,זגמ,זצי,זצמ,רגי,רגמ,רצי,רצמ
732,זגב,זגו,זצב,זצו,רגב,רגו,רצב,רצו
733,זגג,זגצ,זצג,זצצ,רגג,רגצ,רצג,רצצ
734,זגד,זגק,זצד,זצק,רגד,רגק,רצד,רצק
735,זגא,זגע,זגה,זגנ,זצא,זצע,זצה,זצנ,רגא,רגע,רגה,רגנ,רצא,רצע,רצה,רצנ
736,זגל,זגפ,זצל,זצפ,רגל,רגפ,רצל,רצפ
737,זגז,זגר,זצז,זצר,רגז,רגר,רצז,רצר
738,זגש,זגח,זצש,זצח,רגש,רגח,רצש,רצח
739,זגת,זגט,זצת,זצט,רגת,רגט,רצת,רצט
740,זדס,זקס,רדס,רקס
741,זדי,זדמ,זקי,זקמ,רדי,רדמ,רקי,רקמ
742,זדב,זדו,זקב,זקו,רדב,רדו,רקב,רקו
743,זדג,זדצ,זקג,זקצ,רדג,רדצ,רקג,רקצ
744,זדד,זדק,זקד,זקק,רדד,רדק,רקד,רקק
745,זדא,זדע,זדה,זדנ,זקא,זקע,זקה,זקנ,רדא,רדע,רדה,רדנ,רקא,רקע,רקה,רקנ
746,זדל,זדפ,זקל,זקפ,רדל,רדפ,רקל,רקפ
747,זדז,זדר,זקז,זקר,רדז,רדר,רקז,רקר
748,זדש,זדח,זקש,זקח,רדש,רדח,רקש,רקח
749,זדת,זדט,זקת,זקט,רדת,רדט,רקת,רקט
750,זאס,זעס,זהס,זנס,ראס,רעס,רהס,רנס
751,זאי,זאמ,זעי,זעמ,זהי,זהמ,זני,זנמ,ראי,ראמ,רעי,רעמ,רהי,רהמ,רני,רנמ
752,זאב,זאו,זעב,זעו,זהב,זהו,זנב,זנו,ראב,ראו,רעב,רעו,רהב,רהו,רנב,רנו
753,זאג,זאצ,זעג,זעצ,זהג,זהצ,זנג,זנצ,ראג,ראצ,רעג,רעצ,רהג,רהצ,רנג,רנצ
754,זאד,זאק,זעד,זעק,זהד,זהק,זנד,זנק,ראד,ראק,רעד,רעק,רהד,רהק,רנד,רנק
755,זאא,זאע,זאה,זאנ,זעא,זעע,זעה,זענ,זהא,זהע,זהה,זהנ,זנא,זנע,זנה,זננ,ראא,ראע,ראה,ראנ,רעא,רעע,רעה,רענ,רהא,רהע,רהה,רהנ,רנא,רנע,רנה,רננ
756,זאל,זאפ,זעל,זעפ,זהל,זהפ,זנל,זנפ,ראל,ראפ,רעל,רעפ,רהל,רהפ,רנל,רנפ
757,זאז,זאר,זעז,זער,זהז,זהר,זנז,זנר,ראז,ראר,רעז,רער,רהז,רהר,רנז,רנר
758,זאש,זאח,זעש,זעח,זהש,זהח,זנש,זנח,ראש,ראח,רעש,רעח,רהש,רהח,רנש,רנח
759,זאת,זאט,זעת,זעט,זהת,זהט,זנת,זנט,ראת,ראט,רעת,רעט,רהת,רהט,רנת,רנט
760,זלס,זפס,רלס,רפס
761,זלי,זלמ,זפי,זפמ,רלי,רלמ,רפי,רפמ
762,זלב,זלו,זפב,זפו,רלב,רלו,רפב,רפו
763,זלג,זלצ,זפג,זפצ,רלג,רלצ,רפג,רפצ
764,זלד,זלק,זפד,זפק,רלד,רלק,רפד,רפק
765,זלא,זלע,זלה,זלנ,זפא,זפע,זפה,זפנ,רלא,רלע,רלה,רלנ,רפא,רפע,רפה,רפנ
766,זלל,זלפ,זפל,זפפ,רלל,רלפ,רפל,רפפ
767,זלז,זלר,זפז,זפר,רלז,רלר,רפז,רפר
768,זלש,זלח,זפש,זפח,רלש,רלח,רפש,רפח
769,זלת,זלט,זפת,זפט,רלת,רלט,רפת,רפט
770,זזס,זרס,רזס,ררס
771,זזי,זזמ,זרי,זרמ,רזי,רזמ,ררי,ררמ
772,זזב,זזו,זרב,זרו,רזב,רזו,ררב,ררו
773,זזג,זזצ,זרג,זרצ,רזג,רזצ,ררג,ררצ
774,זזד,זזק,זרד,זרק,רזד,רזק,ררד,ררק
775,זזא,זזע,זזה,זזנ,זרא,זרע,זרה,זרנ,רזא,רזע,רזה,רזנ,ררא,ררע,ררה,ררנ
776,זזל,זזפ,זרל,זרפ,רזל,רזפ,ררל,ררפ
777,זזז,זזר,זרז,זרר,רזז,רזר,ררז,ררר
778,זזש,זזח,זרש,זרח,רזש,רזח,ררש,ררח
779,זזת,זזט,זרת,זרט,רזת,רזט,ררת,ררט
780,זשס,זחס,רשס,רחס
781,זשי,זשמ,זחי,זחמ,רשי,רשמ,רחי,רחמ
782,זשב,זשו,זחב,זחו,רשב,רשו,רחב,רחו
783,זשג,זשצ,זחג,זחצ,רשג,רשצ,רחג,רחצ
784,זשד,זשק,זחד,זחק,רשד,רשק,רחד,רחק
785,זשא,זשע,זשה,זשנ,זחא,זחע,זחה,זחנ,רשא,רשע,רשה,רשנ,רחא,רחע,רחה,רחנ
786,זשל,זשפ,זחל,זחפ,רשל,רשפ,רחל,רחפ
787,זשז,זשר,זחז,זחר,רשז,רשר,רחז,רחר
788,זשש,זשח,זחש,זחח,רשש,רשח,רחש,רחח
789,זשת,זשט,זחת,זחט,רשת,רשט,רחת,רחט
790,זתס,זטס,רתס,רטס
791,זתי,זתמ,זטי,זטמ,רתי,רתמ,רטי,רטמ
792,זתב,זתו,זטב,זטו,רתב,רתו,רטב,רטו
793,זתג,זתצ,זטג,זטצ,רתג,רתצ,רטג,רטצ
794,זתד,זתק,זטד,זטק,רתד,רתק,רטד,רטק
795,זתא,זתע,זתה,זתנ,זטא,זטע,זטה,זטנ,רתא,רתע,רתה,רתנ,רטא,רטע,רטה,רטנ
796,זתל,זתפ,זטל,זטפ,רתל,רתפ,רטל,רטפ
797,זתז,זתר,זטז,זטר,רתז,רתר,רטז,רטר
798,זתש,זתח,זטש,זטח,רתש,רתח,רטש,רטח
799,זתת,זתט,זטת,זטט,רתת,רתט,רטת,רטט
800,שסס,חסס
801,שסי,שסמ,חסי,חסמ
802,שסב,שסו,חסב,חסו
803,שסג,שסצ,חסג,חסצ
804,שסד,שסק,חסד,חסק
805,שסא,שסע,שסה,שסנ,חסא,חסע,חסה,חסנ
806,שסל,שספ,חסל,חספ
807,שסז,שסר,חסז,חסר
808,שסש,שסח,חסש,חסח
809,שסת,שסט,חסת,חסט
810,שיס,שמס,חיס,חמס
811,שיי,שימ,שמי,שממ,חיי,חימ,חמי,חממ
812,שיב,שיו,שמב,שמו,חיב,חיו,חמב,חמו
813,שיג,שיצ,שמג,שמצ,חיג,חיצ,חמג,חמצ
814,שיד,שיק,שמד,שמק,חיד,חיק,חמד,חמק
815,שיא,שיע,שיה,שינ,שמא,שמע,שמה,שמנ,חיא,חיע,חיה,חינ,חמא,חמע,חמה,חמנ
816,שיל,שיפ,שמל,שמפ,חיל,חיפ,חמל,חמפ
817,שיז,שיר,שמז,שמר,חיז,חיר,חמז,חמר
818,שיש,שיח,שמש,שמח,חיש,חיח,חמש,חמח
819,שית,שיט,שמת,שמט,חית,חיט,חמת,חמט
820,שבס,שוס,חבס,חוס
821,שבי,שבמ,שוי,שומ,חבי,חבמ,חוי,חומ
822,שבב,שבו,שוב,שוו,חבב,חבו,חוב,חוו
823,שבג,שבצ,שוג,שוצ,חבג,חבצ,חוג,חוצ
824,שבד,שבק,שוד,שוק,חבד,חבק,חוד,חוק
825,שבא,שבע,שבה,שבנ,שוא,שוע,שוה,שונ,חבא,חבע,חבה,חבנ,חוא,חוע,חוה,חונ
826,שבל,שבפ,שול,שופ,חבל,חבפ,חול,חופ
827,שבז,שבר,שוז,שור,חבז,חבר,חוז,חור
828,שבש,שבח,שוש,שוח,חבש,חבח,חוש,חוח
829,שבת,שבט,שות,שוט,חבת,חבט,חות,חוט
830,שגס,שצס,חגס,חצס
831,שגי,שגמ,שצי,שצמ,חגי,חגמ,חצי,חצמ
832,שגב,שגו,שצב,שצו,חגב,חגו,חצב,חצו
833,שגג,שגצ,שצג,שצצ,חגג,חגצ,חצג,חצצ
834,שגד,שגק,שצד,שצק,חגד,חגק,חצד,חצק
835,שגא,שגע,שגה,שגנ,שצא,שצע,שצה,שצנ,חגא,חגע,חגה,חגנ,חצא,חצע,חצה,חצנ
836,שגל,שגפ,שצל,שצפ,חגל,חגפ,חצל,חצפ
837,שגז,שגר,שצז,שצר,חגז,חגר,חצז,חצר
838,שגש,שגח,שצש,שצח,חגש,חגח,חצש,חצח
839,שגת,שגט,שצת,שצט,חגת,חגט,חצת,חצט
840,שדס,שקס,חדס,חקס
841,שדי,שדמ,שקי,שקמ,חדי,חדמ,חקי,חקמ
842,שדב,שדו,שקב,שקו,חדב,חדו,חקב,חקו
843,שדג,שדצ,שקג,שקצ,חדג,חדצ,חקג,חקצ
844,שדד,שדק,שקד,שקק,חדד,חדק,חקד,חקק
845,שדא,שדע,שדה,שדנ,שקא,שקע,שקה,שקנ,חדא,חדע,חדה,חדנ,חקא,חקע,חקה,חקנ
846,שדל,שדפ,שקל,שקפ,חדל,חדפ,חקל,חקפ
847,שדז,שדר,שקז,שקר,חדז,חדר,חקז,חקר
848,שדש,שדח,שקש,שקח,חדש,חדח,חקש,חקח
849,שדת,שדט,שקת,שקט,חדת,חדט,חקת,חקט
850,שאס,שעס,שהס,שנס,חאס,חעס,חהס,חנס
851,שאי,שאמ,שעי,שעמ,שהי,שהמ,שני,שנמ,חאי,חאמ,חעי,חעמ,חהי,חהמ,חני,חנמ
852,שאב,שאו,שעב,שעו,שהב,שהו,שנב,שנו,חאב,חאו,חעב,חעו,חהב,חהו,חנב,חנו
853,שאג,שאצ,שעג,שעצ,שהג,שהצ,שנג,שנצ,חאג,חאצ,חעג,חעצ,חהג,חהצ,חנג,חנצ
854,שאד,שאק,שעד,שעק,שהד,שהק,שנד,שנק,חאד,חאק,חעד,חעק,חהד,חהק,חנד,חנק
855,שאא,שאע,שאה,שאנ,שעא,שעע,שעה,שענ,שהא,שהע,שהה,שהנ,שנא,שנע,שנה,שננ,חאא,חאע,חאה,חאנ,חעא,חעע,חעה,חענ,חהא,חהע,חהה,חהנ,חנא,חנע,חנה,חננ
856,שאל,שאפ,שעל,שעפ,שהל,שהפ,שנל,שנפ,חאל,חאפ,חעל,חעפ,חהל,חהפ,חנל,חנפ
857,שאז,שאר,שעז,שער,שהז,שהר,שנז,שנר,חאז,חאר,חעז,חער,חהז,חהר,חנז,חנר
858,שאש,שאח,שעש,שעח,שהש,שהח,שנש,שנח,חאש,חאח,חעש,חעח,חהש,חהח,חנש,חנח
859,שאת,שאט,שעת,שעט,שהת,שהט,שנת,שנט,חאת,חאט,חעת,חעט,חהת,חהט,חנת,חנט
860,שלס,שפס,חלס,חפס
861,שלי,שלמ,שפי,שפמ,חלי,חלמ,חפי,חפמ
862,שלב,שלו,שפב,שפו,חלב,חלו,חפב,חפו
863,שלג,שלצ,שפג,שפצ,חלג,חלצ,חפג,חפצ
864,שלד,שלק,שפד,שפק,חלד,חלק,חפד,חפק
865,שלא,שלע,שלה,שלנ,שפא,שפע,שפה,שפנ,חלא,חלע,חלה,חלנ,חפא,חפע,חפה,חפנ
866,שלל,שלפ,שפל,שפפ,חלל,חלפ,חפל,חפפ
867,שלז,שלר,שפז,שפר,חלז,חלר,חפז,חפר
868,שלש,שלח,שפש,שפח,חלש,חלח,חפש,חפח
869,שלת,שלט,שפת,שפט,חלת,חלט,חפת,חפט
870,שזס,שרס,חזס,חרס
871,שזי,שזמ,שרי,שרמ,חזי,חזמ,חרי,חרמ
872,שזב,שזו,שרב,שרו,חזב,חזו,חרב,חרו
873,שזג,שזצ,שרג,שרצ,חזג,חזצ,חרג,חרצ
874,שזד,שזק,שרד,שרק,חזד,חזק,חרד,חרק
875,שזא,שזע,שזה,שזנ,שרא,שרע,שרה,שרנ,חזא,חזע,חזה,חזנ,חרא,חרע,חרה,חרנ
876,שזל,שזפ,שרל,שרפ,חזל,חזפ,חרל,חרפ
877,שזז,שזר,שרז,שרר,חזז,חזר,חרז,חרר
878,שזש,שזח,שרש,שרח,חזש,חזח,חרש,חרח
879,שזת,שזט,שרת,שרט,חזת,חזט,חרת,חרט
880,ששס,שחס,חשס,חחס
881,ששי,ששמ,שחי,שחמ,חשי,חשמ,חחי,חחמ
882,ששב,ששו,שחב,שחו,חשב,חשו,חחב,חחו
883,ששג,ששצ,שחג,שחצ,חשג,חשצ,חחג,חחצ
884,ששד,ששק,שחד,שחק,חשד,חשק,חחד,חחק
885,ששא,ששע,ששה,ששנ,שחא,שחע,שחה,שחנ,חשא,חשע,חשה,חשנ,חחא,חחע,חחה,חחנ
886,ששל,ששפ,שחל,שחפ,חשל,חשפ,חחל,חחפ
887,ששז,ששר,שחז,שחר,חשז,חשר,חחז,חחר
888,ששש,ששח,שחש,שחח,חשש,חשח,חחש,חחח
889,ששת,ששט,שחת,שחט,חשת,חשט,חחת,חחט
890,שתס,שטס,חתס,חטס
891,שתי,שתמ,שטי,שטמ,חתי,חתמ,חטי,חטמ
892,שתב,שתו,שטב,שטו,חתב,חתו,חטב,חטו
893,שתג,שתצ,שטג,שטצ,חתג,חתצ,חטג,חטצ
894,שתד,שתק,שטד,שטק,חתד,חתק,חטד,חטק
895,שתא,שתע,שתה,שתנ,שטא,שטע,שטה,שטנ,חתא,חתע,חתה,חתנ,חטא,חטע,חטה,חטנ
896,שתל,שתפ,שטל,שטפ,חתל,חתפ,חטל,חטפ
897,שתז,שתר,שטז,שטר,חתז,חתר,חטז,חטר
898,שתש,שתח,שטש,שטח,חתש,חתח,חטש,חטח
899,שתת,שתט,שטת,שטט,חתת,חתט,חטת,חטט
900,תסס,טסס
901,תסי,תסמ,טסי,טסמ
902,תסב,תסו,טסב,טסו
903,תסג,תסצ,טסג,טסצ
904,תסד,תסק,טסד,טסק
905,תסא,תסע,תסה,תסנ,טסא,טסע,טסה,טסנ
906,תסל,תספ,טסל,טספ
907,תסז,תסר,טסז,טסר
908,תסש,תסח,טסש,טסח
909,תסת,תסט,טסת,טסט
910,תיס,תמס,טיס,טמס
911,תיי,תימ,תמי,תממ,טיי,טימ,טמי,טממ
912,תיב,תיו,תמב,תמו,טיב,טיו,טמב,טמו
913,תיג,תיצ,תמג,תמצ,טיג,טיצ,טמג,טמצ
914,תיד,תיק,תמד,תמק,טיד,טיק,טמד,טמק
915,תיא,תיע,תיה,תינ,תמא,תמע,תמה,תמנ,טיא,טיע,טיה,טינ,טמא,טמע,טמה,טמנ
916,תיל,תיפ,תמל,תמפ,טיל,טיפ,טמל,טמפ
917,תיז,תיר,תמז,תמר,טיז,טיר,טמז,טמר
918,תיש,תיח,תמש,תמח,טיש,טיח,טמש,טמח
919,תית,תיט,תמת,תמט,טית,טיט,טמת,טמט
920,תבס,תוס,טבס,טוס
921,תבי,תבמ,תוי,תומ,טבי,טבמ,טוי,טומ
922,תבב,תבו,תוב,תוו,טבב,טבו,טוב,טוו
923,תבג,תבצ,תוג,תוצ,טבג,טבצ,טוג,טוצ
924,תבד,תבק,תוד,תוק,טבד,טבק,טוד,טוק
925,תבא,תבע,תבה,תבנ,תוא,תוע,תוה,תונ,טבא,טבע,טבה,טבנ,טוא,טוע,טוה,טונ
926,תבל,תבפ,תול,תופ,טבל,טבפ,טול,טופ
927,תבז,תבר,תוז,תור,טבז,טבר,טוז,טור
928,תבש,תבח,תוש,תוח,טבש,טבח,טוש,טוח
929,תבת,תבט,תות,תוט,טבת,טבט,טות,טוט
930,תגס,תצס,טגס,טצס
931,תגי,תגמ,תצי,תצמ,טגי,טגמ,טצי,טצמ
932,תגב,תגו,תצב,תצו,טגב,טגו,טצב,טצו
933,תגג,תגצ,תצג,תצצ,טגג,טגצ,טצג,טצצ
934,תגד,תגק,תצד,תצק,טגד,טגק,טצד,טצק
935,תגא,תגע,תגה,תגנ,תצא,תצע,תצה,תצנ,טגא,טגע,טגה,טגנ,טצא,טצע,טצה,טצנ
936,תגל,תגפ,תצל,תצפ,טגל,טגפ,טצל,טצפ
937,תגז,תגר,תצז,תצר,טגז,טגר,טצז,טצר
938,תגש,תגח,תצש,תצח,טגש,טגח,טצש,טצח
939,תגת,תגט,תצת,תצט,טגת,טגט,טצת,טצט
940,תדס,תקס,טדס,טקס
941,תדי,תדמ,תקי,תקמ,טדי,טדמ,טקי,טקמ
942,תדב,תדו,תקב,תקו,טדב,טדו,טקב,טקו
943,תדג,תדצ,תקג,תקצ,טדג,טדצ,טקג,טקצ
944,תדד,תדק,תקד,תקק,טדד,טדק,טקד,טקק
945,תדא,תדע,תדה,תדנ,תקא,תקע,תקה,תקנ,טדא,טדע,טדה,טדנ,טקא,טקע,טקה,טקנ
946,תדל,תדפ,תקל,תקפ,טדל,טדפ,טקל,טקפ
947,תדז,תדר,תקז,תקר,טדז,טדר,טקז,טקר
948,תדש,תדח,תקש,תקח,טדש,טדח,טקש,טקח
949,תדת,תדט,תקת,תקט,טדת,טדט,טקת,טקט
950,תאס,תעס,תהס,תנס,טאס,טעס,טהס,טנס
951,תאי,תאמ,תעי,תעמ,תהי,תהמ,תני,תנמ,טאי,טאמ,טעי,טעמ,טהי,טהמ,טני,טנמ
952,תאב,תאו,תעב,תעו,תהב,תהו,תנב,תנו,טאב,טאו,טעב,טעו,טהב,טהו,טנב,טנו
953,תאג,תאצ,תעג,תעצ,תהג,תהצ,תנג,תנצ,טאג,טאצ,טעג,טעצ,טהג,טהצ,טנג,טנצ
954,תאד,תאק,תעד,תעק,תהד,תהק,תנד,תנק,טאד,טאק,טעד,טעק,טהד,טהק,טנד,טנק
955,תאא,תאע,תאה,תאנ,תעא,תעע,תעה,תענ,תהא,תהע,תהה,תהנ,תנא,תנע,תנה,תננ,טאא,טאע,טאה,טאנ,טעא,טעע,טעה,טענ,טהא,טהע,טהה,טהנ,טנא,טנע,טנה,טננ
956,תאל,תאפ,תעל,תעפ,תהל,תהפ,תנל,תנפ,טאל,טאפ,טעל,טעפ,טהל,טהפ,טנל,טנפ
957,תאז,תאר,תעז,תער,תהז,תהר,תנז,תנר,טאז,טאר,טעז,טער,טהז,טהר,טנז,טנר
958,תאש,תאח,תעש,תעח,תהש,תהח,תנש,תנח,טאש,טאח,טעש,טעח,טהש,טהח,טנש,טנח
959,תאת,תאט,תעת,תעט,תהת,תהט,תנת,תנט,טאת,טאט,טעת,טעט,טהת,טהט,טנת,טנט
960,תלס,תפס,טלס,טפס
961,תלי,תלמ,תפי,תפמ,טלי,טלמ,טפי,טפמ
962,תלב,תלו,תפב,תפו,טלב,טלו,טפב,טפו
963,תלג,תלצ,תפג,תפצ,טלג,טלצ,טפג,טפצ
964,תלד,תלק,תפד,תפק,טלד,טלק,טפד,טפק
965,תלא,תלע,תלה,תלנ,תפא,תפע,תפה,תפנ,טלא,טלע,טלה,טלנ,טפא,טפע,טפה,טפנ
966,תלל,תלפ,תפל,תפפ,טלל,טלפ,טפל,טפפ
967,תלז,תלר,תפז,תפר,טלז,טלר,טפז,טפר
968,תלש,תלח,תפש,תפח,טלש,טלח,טפש,טפח
969,תלת,תלט,תפת,תפט,טלת,טלט,טפת,טפט
970,תזס,תרס,טזס,טרס
971,תזי,תזמ,תרי,תרמ,טזי,טזמ,טרי,טרמ
972,תזב,תזו,תרב,תרו,טזב,טזו,טרב,טרו
973,תזג,תזצ,תרג,תרצ,טזג,טזצ,טרג,טרצ
974,תזד,תזק,תרד,תרק,טזד,טזק,טרד,טרק
975,תזא,תזע,תזה,תזנ,תרא,תרע,תרה,תרנ,טזא,טזע,טזה,טזנ,טרא,טרע,טרה,טרנ
976,תזל,תזפ,תרל,תרפ,טזל,טזפ,טרל,טרפ
977,תזז,תזר,תרז,תרר,טזז,טזר,טרז,טרר
978,תזש,תזח,תרש,תרח,טזש,טזח,טרש,טרח
979,תזת,תזט,תרת,תרט,טזת,טזט,טרת,טרט
980,תשס,תחס,טשס,טחס
981,תשי,תשמ,תחי,תחמ,טשי,טשמ,טחי,טחמ
982,תשב,תשו,תחב,תחו,טשב,טשו,טחב,טחו
983,תשג,תשצ,תחג,תחצ,טשג,טשצ,טחג,טחצ
984,תשד,תשק,תחד,תחק,טשד,טשק,טחד,טחק
985,תשא,תשע,תשה,תשנ,תחא,תחע,תחה,תחנ,טשא,טשע,טשה,טשנ,טחא,טחע,טחה,טחנ
986,תשל,תשפ,תחל,תחפ,טשל,טשפ,טחל,טחפ
987,תשז,תשר,תחז,תחר,טשז,טשר,טחז,טחר
988,תשש,תשח,תחש,תחח,טשש,טשח,טחש,טחח
989,תשת,תשט,תחת,תחט,טשת,טשט,טחת,טחט
990,תתס,תטס,טתס,טטס
991,תתי,תתמ,תטי,תטמ,טתי,טתמ,טטי,טטמ
992,תתב,תתו,תטב,תטו,טתב,טתו,טטב,טטו
993,תתג,תתצ,תטג,תטצ,טתג,טתצ,טטג,טטצ
994,תתד,תתק,תטד,תטק,טתד,טתק,טטד,טטק
995,תתא,תתע,תתה,תתנ,תטא,תטע,תטה,תטנ,טתא,טתע,טתה,טתנ,טטא,טטע,טטה,טטנ
996,תתל,תתפ,תטל,תטפ,טתל,טתפ,טטל,טטפ
997,תתז,תתר,תטז,תטר,טתז,טתר,טטז,טטר
998,תתש,תתח,תטש,תטח,טתש,טתח,טטש,טטח
999,תתת,תתט,תטת,תטט,טתת,טתט,טטת,טטט
